profile,sub-profile,tools,ne_yapar,islem,salt_okunur,token,kaynak_kok,domain,operasyon,http,path,apple_aciklama
access,beta-testers,apps__beta_testers__remove,uygulama → beta testçisi · çıkar,çıkar,HAYIR,56,apps,apps,apps.beta_testers.remove,DELETE,/v1/apps/{id}/relationships/betaTesters,Unlink beta testers from an app.
access,beta-groups,beta_groups__beta_recruitment_criteria__get,beta grubu → testçi bulma kriteri · getir,getir,EVET,66,beta_groups,testflight,beta_groups.beta_recruitment_criteria.get,GET,/v1/betaGroups/{id}/betaRecruitmentCriteria,Read the beta recruitment criteria for a beta group.
access,beta-groups,beta_groups__beta_recruitment_criterion_compatible_build_check__get,beta grubu → beta recruitment criterion compatible build check · getir,getir,EVET,78,beta_groups,testflight,beta_groups.beta_recruitment_criterion_compatible_build_check.get,GET,/v1/betaGroups/{id}/betaRecruitmentCriterionCompatibleBuildCheck,Read the beta recruitment criterion compatible build check for a beta group.
access,beta-groups,beta_groups__beta_tester_usages__metrics,beta grubu → testçi kullanımı · ölçüm getir,ölçüm getir,EVET,190,beta_groups,testflight,beta_groups.beta_tester_usages.metrics,GET,/v1/betaGroups/{id}/metrics/betaTesterUsages,"Read beta tester usages metrics for a beta group. Returns aggregated time-series data, not individual records."
access,beta-groups,beta_groups__beta_testers__add,beta grubu → beta testçisi · ekle,ekle,HAYIR,61,beta_groups,testflight,beta_groups.beta_testers.add,POST,/v1/betaGroups/{id}/relationships/betaTesters,Add existing beta testers to a TestFlight group.
access,beta-groups,beta_groups__beta_testers__list,beta grubu → beta testçisi · listele,listele,EVET,80,beta_groups,testflight,beta_groups.beta_testers.list,GET,/v1/betaGroups/{id}/betaTesters,List the beta testers belonging to a beta group.
access,beta-groups,beta_groups__beta_testers__remove,beta grubu → beta testçisi · çıkar,çıkar,HAYIR,60,beta_groups,testflight,beta_groups.beta_testers.remove,DELETE,/v1/betaGroups/{id}/relationships/betaTesters,Unlink beta testers from a beta group.
access,beta-groups,beta_groups__builds__add,beta grubu → build · ekle,ekle,HAYIR,67,beta_groups,testflight,beta_groups.builds.add,POST,/v1/betaGroups/{id}/relationships/builds,Distribute a build to a TestFlight beta group so its testers can install it.
access,beta-groups,beta_groups__builds__list,beta grubu → build · listele,listele,EVET,77,beta_groups,testflight,beta_groups.builds.list,GET,/v1/betaGroups/{id}/builds,List the builds belonging to a beta group.
access,beta-groups,beta_groups__builds__remove,beta grubu → build · çıkar,çıkar,HAYIR,57,beta_groups,testflight,beta_groups.builds.remove,DELETE,/v1/betaGroups/{id}/relationships/builds,Unlink builds from a beta group.
access,beta-groups,beta_groups__create,beta grubu · oluştur,oluştur,HAYIR,74,beta_groups,testflight,beta_groups.create,POST,/v1/betaGroups,Create a TestFlight beta group. Internal groups are limited to team members; external groups require beta review.
access,beta-groups,beta_groups__delete,beta grubu · sil,sil,HAYIR,52,beta_groups,testflight,beta_groups.delete,DELETE,/v1/betaGroups/{id},Delete a beta group.
access,beta-groups,beta_groups__get,beta grubu · getir,getir,EVET,93,beta_groups,testflight,beta_groups.get,GET,/v1/betaGroups/{id},Read one beta group by ID.
access,beta-groups,beta_groups__list,beta grubu · listele,listele,EVET,362,beta_groups,testflight,beta_groups.list,GET,/v1/betaGroups,List beta groups.
access,beta-groups,beta_groups__public_link_usages__metrics,beta grubu → genel bağlantı kullanımı · ölçüm getir,ölçüm getir,EVET,102,beta_groups,testflight,beta_groups.public_link_usages.metrics,GET,/v1/betaGroups/{id}/metrics/publicLinkUsages,"Read public link usages metrics for a beta group. Returns aggregated time-series data, not individual records."
access,beta-groups,beta_groups__update,beta grubu · güncelle,güncelle,HAYIR,52,beta_groups,testflight,beta_groups.update,PATCH,/v1/betaGroups/{id},Update a beta group.
access,beta-groups,beta_recruitment_criteria__create,testçi bulma kriteri · oluştur,oluştur,HAYIR,58,beta_recruitment_criteria,testflight,beta_recruitment_criteria.create,POST,/v1/betaRecruitmentCriteria,Create a beta recruitment criteria.
access,beta-groups,beta_recruitment_criteria__delete,testçi bulma kriteri · sil,sil,HAYIR,59,beta_recruitment_criteria,testflight,beta_recruitment_criteria.delete,DELETE,/v1/betaRecruitmentCriteria/{id},Delete a beta recruitment criteria.
access,beta-groups,beta_recruitment_criteria__update,testçi bulma kriteri · güncelle,güncelle,HAYIR,59,beta_recruitment_criteria,testflight,beta_recruitment_criteria.update,PATCH,/v1/betaRecruitmentCriteria/{id},Update a beta recruitment criteria.
access,beta-groups,beta_recruitment_criterion_options__list,beta recruitment criterion options · listele,listele,EVET,80,beta_recruitment_criterion_options,testflight,beta_recruitment_criterion_options.list,GET,/v1/betaRecruitmentCriterionOptions,List beta recruitment criterion options.
access,beta-testers,beta_tester_invitations__create,testçi daveti · oluştur,oluştur,HAYIR,68,beta_tester_invitations,testflight,beta_tester_invitations.create,POST,/v1/betaTesterInvitations,Re-send a TestFlight invitation email to a tester who has not accepted yet.
access,beta-testers,beta_testers__apps__list,beta testçisi → uygulama · listele,listele,EVET,77,beta_testers,testflight,beta_testers.apps.list,GET,/v1/betaTesters/{id}/apps,List the apps belonging to a beta tester.
access,beta-testers,beta_testers__apps__remove,beta testçisi → uygulama · çıkar,çıkar,HAYIR,56,beta_testers,testflight,beta_testers.apps.remove,DELETE,/v1/betaTesters/{id}/relationships/apps,Unlink apps from a beta tester.
access,beta-testers,beta_testers__beta_groups__add,beta testçisi → beta grubu · ekle,ekle,HAYIR,58,beta_testers,testflight,beta_testers.beta_groups.add,POST,/v1/betaTesters/{id}/relationships/betaGroups,Link beta groups to a beta tester.
access,beta-testers,beta_testers__beta_groups__list,beta testçisi → beta grubu · listele,listele,EVET,80,beta_testers,testflight,beta_testers.beta_groups.list,GET,/v1/betaTesters/{id}/betaGroups,List the beta groups belonging to a beta tester.
access,beta-testers,beta_testers__beta_groups__remove,beta testçisi → beta grubu · çıkar,çıkar,HAYIR,60,beta_testers,testflight,beta_testers.beta_groups.remove,DELETE,/v1/betaTesters/{id}/relationships/betaGroups,Unlink beta groups from a beta tester.
access,beta-testers,beta_testers__beta_tester_usages__metrics,beta testçisi → testçi kullanımı · ölçüm getir,ölçüm getir,EVET,162,beta_testers,testflight,beta_testers.beta_tester_usages.metrics,GET,/v1/betaTesters/{id}/metrics/betaTesterUsages,"Read beta tester usages metrics for a beta tester. Returns aggregated time-series data, not individual records."
access,beta-testers,beta_testers__builds__add,beta testçisi → build · ekle,ekle,HAYIR,55,beta_testers,testflight,beta_testers.builds.add,POST,/v1/betaTesters/{id}/relationships/builds,Link builds to a beta tester.
access,beta-testers,beta_testers__builds__list,beta testçisi → build · listele,listele,EVET,78,beta_testers,testflight,beta_testers.builds.list,GET,/v1/betaTesters/{id}/builds,List the builds belonging to a beta tester.
access,beta-testers,beta_testers__builds__remove,beta testçisi → build · çıkar,çıkar,HAYIR,57,beta_testers,testflight,beta_testers.builds.remove,DELETE,/v1/betaTesters/{id}/relationships/builds,Unlink builds from a beta tester.
access,beta-testers,beta_testers__create,beta testçisi · oluştur,oluştur,HAYIR,66,beta_testers,testflight,beta_testers.create,POST,/v1/betaTesters,Invite a new TestFlight tester by email and add them to one or more beta groups.
access,beta-testers,beta_testers__delete,beta testçisi · sil,sil,HAYIR,52,beta_testers,testflight,beta_testers.delete,DELETE,/v1/betaTesters/{id},Delete a beta tester.
access,beta-testers,beta_testers__get,beta testçisi · getir,getir,EVET,87,beta_testers,testflight,beta_testers.get,GET,/v1/betaTesters/{id},Read one beta tester by ID.
access,beta-testers,beta_testers__list,beta testçisi · listele,listele,EVET,350,beta_testers,testflight,beta_testers.list,GET,/v1/betaTesters,List beta testers.
access,beta-testers,build_beta_notifications__create,testçi bildirimi · oluştur,oluştur,HAYIR,57,build_beta_notifications,testflight,build_beta_notifications.create,POST,/v1/buildBetaNotifications,Create a build beta notification.
access,beta-testers,builds__beta_groups__add,build → beta grubu · ekle,ekle,HAYIR,55,builds,builds,builds.beta_groups.add,POST,/v1/builds/{id}/relationships/betaGroups,Link beta groups to a build.
access,beta-testers,builds__beta_groups__remove,build → beta grubu · çıkar,çıkar,HAYIR,57,builds,builds,builds.beta_groups.remove,DELETE,/v1/builds/{id}/relationships/betaGroups,Unlink beta groups from a build.
access,beta-testers,builds__individual_testers__add,build → tekil testçi · ekle,ekle,HAYIR,58,builds,builds,builds.individual_testers.add,POST,/v1/builds/{id}/relationships/individualTesters,Link individual testers to a build.
access,beta-testers,builds__individual_testers__list,build → tekil testçi · listele,listele,EVET,81,builds,builds,builds.individual_testers.list,GET,/v1/builds/{id}/individualTesters,List the individual testers belonging to a build.
access,beta-testers,builds__individual_testers__remove,build → tekil testçi · çıkar,çıkar,HAYIR,60,builds,builds,builds.individual_testers.remove,DELETE,/v1/builds/{id}/relationships/individualTesters,Unlink individual testers from a build.
monetization,iap,sandbox_testers_clear_purchase_history_request_v2__create,sandbox satın alma geçmişini temizle · oluştur,oluştur,HAYIR,71,sandbox_testers_clear_purchase_history_request_v2,sandbox,sandbox_testers_clear_purchase_history_request_v2.create,POST,/v2/sandboxTestersClearPurchaseHistoryRequest,Create a sandbox testers clear purchase history request (v2).
monetization,iap,sandbox_testers_v2__list,sandbox test hesabı · listele,listele,EVET,72,sandbox_testers_v2,sandbox,sandbox_testers_v2.list,GET,/v2/sandboxTesters,List sandbox testers (v2).
monetization,iap,sandbox_testers_v2__update,sandbox test hesabı · güncelle,güncelle,HAYIR,56,sandbox_testers_v2,sandbox,sandbox_testers_v2.update,PATCH,/v2/sandboxTesters/{id},Update a sandbox testers (v2).
access,users,actors__get,işlemi yapan · getir,getir,EVET,50,actors,users,actors.get,GET,/v1/actors/{id},Read one actor by ID.
access,users,actors__list,işlemi yapan · listele,listele,EVET,87,actors,users,actors.list,GET,/v1/actors,List actors.
access,users,user_invitations__create,takım daveti · oluştur,oluştur,HAYIR,53,user_invitations,users,user_invitations.create,POST,/v1/userInvitations,Create a user invitation.
access,users,user_invitations__delete,takım daveti · sil,sil,HAYIR,54,user_invitations,users,user_invitations.delete,DELETE,/v1/userInvitations/{id},Delete a user invitation.
access,users,user_invitations__get,takım daveti · getir,getir,EVET,85,user_invitations,users,user_invitations.get,GET,/v1/userInvitations/{id},Read one user invitation by ID.
access,users,user_invitations__list,takım daveti · listele,listele,EVET,271,user_invitations,users,user_invitations.list,GET,/v1/userInvitations,List user invitations.
access,users,user_invitations__visible_apps__list,takım daveti → görebildiği uygulama · listele,listele,EVET,83,user_invitations,users,user_invitations.visible_apps.list,GET,/v1/userInvitations/{id}/visibleApps,List the visible apps belonging to a user invitation.
access,users,users__delete,takım üyesi · sil,sil,HAYIR,49,users,users,users.delete,DELETE,/v1/users/{id},Delete a user.
access,users,users__get,takım üyesi · getir,getir,EVET,80,users,users,users.get,GET,/v1/users/{id},Read one user by ID.
access,users,users__list,takım üyesi · listele,listele,EVET,282,users,users,users.list,GET,/v1/users,List team members with access to your App Store Connect account.
access,users,users__update,takım üyesi · güncelle,güncelle,HAYIR,49,users,users,users.update,PATCH,/v1/users/{id},Update a user.
access,users,users__visible_apps__add,takım üyesi → görebildiği uygulama · ekle,ekle,HAYIR,55,users,users,users.visible_apps.add,POST,/v1/users/{id}/relationships/visibleApps,Link visible apps to a user.
access,users,users__visible_apps__list,takım üyesi → görebildiği uygulama · listele,listele,EVET,77,users,users,users.visible_apps.list,GET,/v1/users/{id}/visibleApps,List the visible apps belonging to a user.
access,users,users__visible_apps__remove,takım üyesi → görebildiği uygulama · çıkar,çıkar,HAYIR,57,users,users,users.visible_apps.remove,DELETE,/v1/users/{id}/relationships/visibleApps,Unlink visible apps from a user.
access,users,users__visible_apps__replace,takım üyesi → görebildiği uygulama · topluca değiştir,topluca değiştir,HAYIR,62,users,users,users.visible_apps.replace,PATCH,/v1/users/{id}/relationships/visibleApps,Replace the full set of visible apps linked to a user.
accessibility,,accessibility_declarations__create,erişilebilirlik beyanı · oluştur,oluştur,HAYIR,59,accessibility_declarations,apps,accessibility_declarations.create,POST,/v1/accessibilityDeclarations,Create an accessibility declaration.
accessibility,,accessibility_declarations__delete,erişilebilirlik beyanı · sil,sil,HAYIR,60,accessibility_declarations,apps,accessibility_declarations.delete,DELETE,/v1/accessibilityDeclarations/{id},Delete an accessibility declaration.
accessibility,,accessibility_declarations__get,erişilebilirlik beyanı · getir,getir,EVET,60,accessibility_declarations,apps,accessibility_declarations.get,GET,/v1/accessibilityDeclarations/{id},Read one accessibility declaration by ID.
accessibility,,accessibility_declarations__update,erişilebilirlik beyanı · güncelle,güncelle,HAYIR,60,accessibility_declarations,apps,accessibility_declarations.update,PATCH,/v1/accessibilityDeclarations/{id},Update an accessibility declaration.
accessibility,,apps__accessibility_declarations__list,uygulama → erişilebilirlik beyanı · listele,listele,EVET,156,apps,apps,apps.accessibility_declarations.list,GET,/v1/apps/{id}/accessibilityDeclarations,List the accessibility declarations belonging to an app.
agreements,,apps__beta_license_agreement__get,uygulama → beta lisans sözleşmesi · getir,getir,EVET,61,apps,apps,apps.beta_license_agreement.get,GET,/v1/apps/{id}/betaLicenseAgreement,Read the beta license agreement for an app.
agreements,,apps__end_user_license_agreement__get,uygulama → EULA · getir,getir,EVET,63,apps,apps,apps.end_user_license_agreement.get,GET,/v1/apps/{id}/endUserLicenseAgreement,Read the end user license agreement for an app.
agreements,,beta_license_agreements__app__get,beta lisans sözleşmesi → uygulama · getir,getir,EVET,61,beta_license_agreements,testflight,beta_license_agreements.app.get,GET,/v1/betaLicenseAgreements/{id}/app,Read the app for a beta license agreement.
agreements,,beta_license_agreements__get,beta lisans sözleşmesi · getir,getir,EVET,87,beta_license_agreements,testflight,beta_license_agreements.get,GET,/v1/betaLicenseAgreements/{id},Read one beta license agreement by ID.
agreements,,beta_license_agreements__list,beta lisans sözleşmesi · listele,listele,EVET,125,beta_license_agreements,testflight,beta_license_agreements.list,GET,/v1/betaLicenseAgreements,List beta license agreements.
agreements,,beta_license_agreements__update,beta lisans sözleşmesi · güncelle,güncelle,HAYIR,58,beta_license_agreements,testflight,beta_license_agreements.update,PATCH,/v1/betaLicenseAgreements/{id},Update a beta license agreement.
agreements,,end_user_license_agreements__create,EULA · oluştur,oluştur,HAYIR,59,end_user_license_agreements,apps,end_user_license_agreements.create,POST,/v1/endUserLicenseAgreements,Create an end user license agreement.
agreements,,end_user_license_agreements__delete,EULA · sil,sil,HAYIR,60,end_user_license_agreements,apps,end_user_license_agreements.delete,DELETE,/v1/endUserLicenseAgreements/{id},Delete an end user license agreement.
agreements,,end_user_license_agreements__get,EULA · getir,getir,EVET,92,end_user_license_agreements,apps,end_user_license_agreements.get,GET,/v1/endUserLicenseAgreements/{id},Read one end user license agreement by ID.
agreements,,end_user_license_agreements__territories__list,EULA → ülke/bölge · listele,listele,EVET,88,end_user_license_agreements,apps,end_user_license_agreements.territories.list,GET,/v1/endUserLicenseAgreements/{id}/territories,List the territories belonging to an end user license agreement.
agreements,,end_user_license_agreements__update,EULA · güncelle,güncelle,HAYIR,60,end_user_license_agreements,apps,end_user_license_agreements.update,PATCH,/v1/endUserLicenseAgreements/{id},Update an end user license agreement.
analytics,,analytics_report_instances__get,analiz raporu örneği · getir,getir,EVET,60,analytics_report_instances,analytics,analytics_report_instances.get,GET,/v1/analyticsReportInstances/{id},Read one analytics report instance by ID.
analytics,,analytics_report_instances__segments__list,analiz raporu örneği → parça · listele,listele,EVET,86,analytics_report_instances,analytics,analytics_report_instances.segments.list,GET,/v1/analyticsReportInstances/{id}/segments,List the segments belonging to an analytics report instance.
analytics,,analytics_report_requests__create,analiz raporu isteği · oluştur,oluştur,HAYIR,58,analytics_report_requests,analytics,analytics_report_requests.create,POST,/v1/analyticsReportRequests,Create an analytics report request.
analytics,,analytics_report_requests__delete,analiz raporu isteği · sil,sil,HAYIR,59,analytics_report_requests,analytics,analytics_report_requests.delete,DELETE,/v1/analyticsReportRequests/{id},Delete an analytics report request.
analytics,,analytics_report_requests__get,analiz raporu isteği · getir,getir,EVET,89,analytics_report_requests,analytics,analytics_report_requests.get,GET,/v1/analyticsReportRequests/{id},Read one analytics report request by ID.
analytics,,analytics_report_requests__reports__list,analiz raporu isteği → rapor · listele,listele,EVET,150,analytics_report_requests,analytics,analytics_report_requests.reports.list,GET,/v1/analyticsReportRequests/{id}/reports,List the reports belonging to an analytics report request.
analytics,,analytics_report_segments__get,analiz raporu parçası · getir,getir,EVET,60,analytics_report_segments,analytics,analytics_report_segments.get,GET,/v1/analyticsReportSegments/{id},Read one analytics report segment by ID.
analytics,,analytics_reports__get,analiz raporu · getir,getir,EVET,56,analytics_reports,analytics,analytics_reports.get,GET,/v1/analyticsReports/{id},Read one analytics report by ID.
analytics,,analytics_reports__instances__list,analiz raporu → örnek · listele,listele,EVET,141,analytics_reports,analytics,analytics_reports.instances.list,GET,/v1/analyticsReports/{id}/instances,List the instances belonging to an analytics report.
analytics,,apps__analytics_report_requests__list,uygulama → analiz raporu isteği · listele,listele,EVET,146,apps,apps,apps.analytics_report_requests.list,GET,/v1/apps/{id}/analyticsReportRequests,List the analytics report requests belonging to an app.
analytics,,diagnostic_signatures__logs__list,kilitlenme imzası → logs · listele,listele,EVET,81,diagnostic_signatures,analytics,diagnostic_signatures.logs.list,GET,/v1/diagnosticSignatures/{id}/logs,List the logs belonging to a diagnostic signature.
analytics,,finance_reports__list,finans raporu · listele,listele,EVET,192,finance_reports,analytics,finance_reports.list,GET,/v1/financeReports,Download a finance report as gzipped TSV. Requires ASC_VENDOR_NUMBER and a Finance role on the API key.
analytics,,sales_reports__list,satış raporu · listele,listele,EVET,313,sales_reports,analytics,sales_reports.list,GET,/v1/salesReports,Download a sales or subscription report as gzipped TSV. Requires ASC_VENDOR_NUMBER and a Finance or Sales role on the API key.
android-to-ios,,android_to_ios_app_mapping_details__create,Android→iOS uygulama eşlemesi · oluştur,oluştur,HAYIR,63,android_to_ios_app_mapping_details,apps,android_to_ios_app_mapping_details.create,POST,/v1/androidToIosAppMappingDetails,Create an android to iOS app mapping detail.
android-to-ios,,android_to_ios_app_mapping_details__delete,Android→iOS uygulama eşlemesi · sil,sil,HAYIR,64,android_to_ios_app_mapping_details,apps,android_to_ios_app_mapping_details.delete,DELETE,/v1/androidToIosAppMappingDetails/{id},Delete an android to iOS app mapping detail.
android-to-ios,,android_to_ios_app_mapping_details__get,Android→iOS uygulama eşlemesi · getir,getir,EVET,64,android_to_ios_app_mapping_details,apps,android_to_ios_app_mapping_details.get,GET,/v1/androidToIosAppMappingDetails/{id},Read one android to iOS app mapping detail by ID.
android-to-ios,,android_to_ios_app_mapping_details__update,Android→iOS uygulama eşlemesi · güncelle,güncelle,HAYIR,64,android_to_ios_app_mapping_details,apps,android_to_ios_app_mapping_details.update,PATCH,/v1/androidToIosAppMappingDetails/{id},Update an android to iOS app mapping detail.
android-to-ios,,apps__android_to_ios_app_mapping_details__list,uygulama → Android→iOS uygulama eşlemesi · listele,listele,EVET,88,apps,apps,apps.android_to_ios_app_mapping_details.list,GET,/v1/apps/{id}/androidToIosAppMappingDetails,List the android to iOS app mapping details belonging to an app.
app-clips,,app_clip_advanced_experience_images__create,App Clip gelişmiş deneyim görseli · oluştur,oluştur,HAYIR,63,app_clip_advanced_experience_images,versions,app_clip_advanced_experience_images.create,POST,/v1/appClipAdvancedExperienceImages,Create an App Clip advanced experience image.
app-clips,,app_clip_advanced_experience_images__get,App Clip gelişmiş deneyim görseli · getir,getir,EVET,65,app_clip_advanced_experience_images,versions,app_clip_advanced_experience_images.get,GET,/v1/appClipAdvancedExperienceImages/{id},Read one App Clip advanced experience image by ID.
app-clips,,app_clip_advanced_experience_images__update,App Clip gelişmiş deneyim görseli · güncelle,güncelle,HAYIR,64,app_clip_advanced_experience_images,versions,app_clip_advanced_experience_images.update,PATCH,/v1/appClipAdvancedExperienceImages/{id},Update an App Clip advanced experience image.
app-clips,,app_clip_advanced_experiences__create,App Clip gelişmiş deneyimi · oluştur,oluştur,HAYIR,60,app_clip_advanced_experiences,versions,app_clip_advanced_experiences.create,POST,/v1/appClipAdvancedExperiences,Create an App Clip advanced experience.
app-clips,,app_clip_advanced_experiences__get,App Clip gelişmiş deneyimi · getir,getir,EVET,98,app_clip_advanced_experiences,versions,app_clip_advanced_experiences.get,GET,/v1/appClipAdvancedExperiences/{id},Read one App Clip advanced experience by ID.
app-clips,,app_clip_advanced_experiences__update,App Clip gelişmiş deneyimi · güncelle,güncelle,HAYIR,61,app_clip_advanced_experiences,versions,app_clip_advanced_experiences.update,PATCH,/v1/appClipAdvancedExperiences/{id},Update an App Clip advanced experience.
app-clips,,app_clip_app_store_review_details__create,App Clip inceleme bilgisi · oluştur,oluştur,HAYIR,62,app_clip_app_store_review_details,versions,app_clip_app_store_review_details.create,POST,/v1/appClipAppStoreReviewDetails,Create an App Clip App Store review detail.
app-clips,,app_clip_app_store_review_details__get,App Clip inceleme bilgisi · getir,getir,EVET,97,app_clip_app_store_review_details,versions,app_clip_app_store_review_details.get,GET,/v1/appClipAppStoreReviewDetails/{id},Read one App Clip App Store review detail by ID.
app-clips,,app_clip_app_store_review_details__update,App Clip inceleme bilgisi · güncelle,güncelle,HAYIR,63,app_clip_app_store_review_details,versions,app_clip_app_store_review_details.update,PATCH,/v1/appClipAppStoreReviewDetails/{id},Update an App Clip App Store review detail.
app-clips,,app_clip_default_experience_localizations__app_clip_header_image__get,App Clip deneyim dil metni → App Clip başlık görseli · getir,getir,EVET,115,app_clip_default_experience_localizations,versions,app_clip_default_experience_localizations.app_clip_header_image.get,GET,/v1/appClipDefaultExperienceLocalizations/{id}/appClipHeaderImage,Read the App Clip header image for an App Clip default experience localization.
app-clips,,app_clip_default_experience_localizations__create,App Clip deneyim dil metni · oluştur,oluştur,HAYIR,66,app_clip_default_experience_localizations,versions,app_clip_default_experience_localizations.create,POST,/v1/appClipDefaultExperienceLocalizations,Create an App Clip default experience localization.
app-clips,,app_clip_default_experience_localizations__delete,App Clip deneyim dil metni · sil,sil,HAYIR,67,app_clip_default_experience_localizations,versions,app_clip_default_experience_localizations.delete,DELETE,/v1/appClipDefaultExperienceLocalizations/{id},Delete an App Clip default experience localization.
app-clips,,app_clip_default_experience_localizations__get,App Clip deneyim dil metni · getir,getir,EVET,106,app_clip_default_experience_localizations,versions,app_clip_default_experience_localizations.get,GET,/v1/appClipDefaultExperienceLocalizations/{id},Read one App Clip default experience localization by ID.
app-clips,,app_clip_default_experience_localizations__update,App Clip deneyim dil metni · güncelle,güncelle,HAYIR,67,app_clip_default_experience_localizations,versions,app_clip_default_experience_localizations.update,PATCH,/v1/appClipDefaultExperienceLocalizations/{id},Update an App Clip default experience localization.
app-clips,,app_clip_default_experiences__app_clip_app_store_review_detail__get,App Clip varsayılan deneyimi → App Clip inceleme bilgisi · getir,getir,EVET,111,app_clip_default_experiences,versions,app_clip_default_experiences.app_clip_app_store_review_detail.get,GET,/v1/appClipDefaultExperiences/{id}/appClipAppStoreReviewDetail,Read the App Clip App Store review detail for an App Clip default experience.
app-clips,,app_clip_default_experiences__app_clip_default_experience_localizations__list,App Clip varsayılan deneyimi → App Clip deneyim dil metni · listele,listele,EVET,164,app_clip_default_experiences,versions,app_clip_default_experiences.app_clip_default_experience_localizations.list,GET,/v1/appClipDefaultExperiences/{id}/appClipDefaultExperienceLocalizations,List the App Clip default experience localizations belonging to an App Clip default experience.
app-clips,,app_clip_default_experiences__create,App Clip varsayılan deneyimi · oluştur,oluştur,HAYIR,60,app_clip_default_experiences,versions,app_clip_default_experiences.create,POST,/v1/appClipDefaultExperiences,Create an App Clip default experience.
app-clips,,app_clip_default_experiences__delete,App Clip varsayılan deneyimi · sil,sil,HAYIR,61,app_clip_default_experiences,versions,app_clip_default_experiences.delete,DELETE,/v1/appClipDefaultExperiences/{id},Delete an App Clip default experience.
app-clips,,app_clip_default_experiences__get,App Clip varsayılan deneyimi · getir,getir,EVET,115,app_clip_default_experiences,versions,app_clip_default_experiences.get,GET,/v1/appClipDefaultExperiences/{id},Read one App Clip default experience by ID.
app-clips,,app_clip_default_experiences__release_with_app_store_version__get,App Clip varsayılan deneyimi → release with app store version · getir,getir,EVET,176,app_clip_default_experiences,versions,app_clip_default_experiences.release_with_app_store_version.get,GET,/v1/appClipDefaultExperiences/{id}/releaseWithAppStoreVersion,Read the release with App Store version for an App Clip default experience.
app-clips,,app_clip_default_experiences__release_with_app_store_version__set,App Clip varsayılan deneyimi → release with app store version · ata,ata,HAYIR,78,app_clip_default_experiences,versions,app_clip_default_experiences.release_with_app_store_version.set,PATCH,/v1/appClipDefaultExperiences/{id}/relationships/releaseWithAppStoreVersion,Set the release with App Store version linked to an App Clip default experience.
app-clips,,app_clip_default_experiences__update,App Clip varsayılan deneyimi · güncelle,güncelle,HAYIR,61,app_clip_default_experiences,versions,app_clip_default_experiences.update,PATCH,/v1/appClipDefaultExperiences/{id},Update an App Clip default experience.
app-clips,,app_clip_header_images__create,App Clip başlık görseli · oluştur,oluştur,HAYIR,57,app_clip_header_images,versions,app_clip_header_images.create,POST,/v1/appClipHeaderImages,Create an App Clip header image.
app-clips,,app_clip_header_images__delete,App Clip başlık görseli · sil,sil,HAYIR,58,app_clip_header_images,versions,app_clip_header_images.delete,DELETE,/v1/appClipHeaderImages/{id},Delete an App Clip header image.
app-clips,,app_clip_header_images__get,App Clip başlık görseli · getir,getir,EVET,95,app_clip_header_images,versions,app_clip_header_images.get,GET,/v1/appClipHeaderImages/{id},Read one App Clip header image by ID.
app-clips,,app_clip_header_images__update,App Clip başlık görseli · güncelle,güncelle,HAYIR,58,app_clip_header_images,versions,app_clip_header_images.update,PATCH,/v1/appClipHeaderImages/{id},Update an App Clip header image.
app-clips,,app_clips__app_clip_advanced_experiences__list,App Clip → App Clip gelişmiş deneyimi · listele,listele,EVET,225,app_clips,versions,app_clips.app_clip_advanced_experiences.list,GET,/v1/appClips/{id}/appClipAdvancedExperiences,List the App Clip advanced experiences belonging to an App Clip.
app-clips,,app_clips__app_clip_default_experiences__list,App Clip → App Clip varsayılan deneyimi · listele,listele,EVET,181,app_clips,versions,app_clips.app_clip_default_experiences.list,GET,/v1/appClips/{id}/appClipDefaultExperiences,List the App Clip default experiences belonging to an App Clip.
app-clips,,app_clips__get,App Clip · getir,getir,EVET,87,app_clips,versions,app_clips.get,GET,/v1/appClips/{id},Read one App Clip by ID.
app-clips,,app_store_versions__app_clip_default_experience__get,App Store sürümü → App Clip varsayılan deneyimi · getir,getir,EVET,124,app_store_versions,versions,app_store_versions.app_clip_default_experience.get,GET,/v1/appStoreVersions/{id}/appClipDefaultExperience,Read the App Clip default experience for an App Store version.
app-clips,,app_store_versions__app_clip_default_experience__set,App Store sürümü → App Clip varsayılan deneyimi · ata,ata,HAYIR,72,app_store_versions,versions,app_store_versions.app_clip_default_experience.set,PATCH,/v1/appStoreVersions/{id}/relationships/appClipDefaultExperience,Set the App Clip default experience linked to an App Store version.
app-clips,,apps__app_clips__list,uygulama → App Clip · listele,listele,EVET,134,apps,apps,apps.app_clips.list,GET,/v1/apps/{id}/appClips,List the App Clips belonging to an app.
app-clips,,beta_app_clip_invocation_localizations__create,beta app clip invocation localizations · oluştur,oluştur,HAYIR,64,beta_app_clip_invocation_localizations,testflight,beta_app_clip_invocation_localizations.create,POST,/v1/betaAppClipInvocationLocalizations,Create a beta App Clip invocation localization.
app-clips,,beta_app_clip_invocation_localizations__delete,beta app clip invocation localizations · sil,sil,HAYIR,65,beta_app_clip_invocation_localizations,testflight,beta_app_clip_invocation_localizations.delete,DELETE,/v1/betaAppClipInvocationLocalizations/{id},Delete a beta App Clip invocation localization.
app-clips,,beta_app_clip_invocation_localizations__update,beta app clip invocation localizations · güncelle,güncelle,HAYIR,65,beta_app_clip_invocation_localizations,testflight,beta_app_clip_invocation_localizations.update,PATCH,/v1/betaAppClipInvocationLocalizations/{id},Update a beta App Clip invocation localization.
app-clips,,beta_app_clip_invocations__create,beta app clip invocations · oluştur,oluştur,HAYIR,58,beta_app_clip_invocations,testflight,beta_app_clip_invocations.create,POST,/v1/betaAppClipInvocations,Create a beta App Clip invocation.
app-clips,,beta_app_clip_invocations__delete,beta app clip invocations · sil,sil,HAYIR,59,beta_app_clip_invocations,testflight,beta_app_clip_invocations.delete,DELETE,/v1/betaAppClipInvocations/{id},Delete a beta App Clip invocation.
app-clips,,beta_app_clip_invocations__get,beta app clip invocations · getir,getir,EVET,96,beta_app_clip_invocations,testflight,beta_app_clip_invocations.get,GET,/v1/betaAppClipInvocations/{id},Read one beta App Clip invocation by ID.
app-clips,,beta_app_clip_invocations__update,beta app clip invocations · güncelle,güncelle,HAYIR,59,beta_app_clip_invocations,testflight,beta_app_clip_invocations.update,PATCH,/v1/betaAppClipInvocations/{id},Update a beta App Clip invocation.
app-clips,,build_bundles__app_clip_domain_cache_status__get,build bundle → app clip domain cache status · getir,getir,EVET,68,build_bundles,builds,build_bundles.app_clip_domain_cache_status.get,GET,/v1/buildBundles/{id}/appClipDomainCacheStatus,Read the App Clip domain cache statu for a build bundle.
app-clips,,build_bundles__app_clip_domain_debug_status__get,build bundle → app clip domain debug status · getir,getir,EVET,68,build_bundles,builds,build_bundles.app_clip_domain_debug_status.get,GET,/v1/buildBundles/{id}/appClipDomainDebugStatus,Read the App Clip domain debug statu for a build bundle.
app-clips,,build_bundles__beta_app_clip_invocations__list,build bundle → beta app clip invocations · listele,listele,EVET,124,build_bundles,builds,build_bundles.beta_app_clip_invocations.list,GET,/v1/buildBundles/{id}/betaAppClipInvocations,List the beta App Clip invocations belonging to a build bundle.
app-info,,age_rating_declarations__update,yaş sınırı beyanı · güncelle,güncelle,HAYIR,58,age_rating_declarations,apps,age_rating_declarations.update,PATCH,/v1/ageRatingDeclarations/{id},Update an age rating declaration.
app-info,,app_availabilities_v2__create,ülke kullanılabilirliği · oluştur,oluştur,HAYIR,57,app_availabilities_v2,apps,app_availabilities_v2.create,POST,/v2/appAvailabilities,Create an app availabilities (v2).
app-info,,app_availabilities_v2__get,ülke kullanılabilirliği · getir,getir,EVET,92,app_availabilities_v2,apps,app_availabilities_v2.get,GET,/v2/appAvailabilities/{id},Read one app availabilities (v2) by ID.
app-info,,app_availabilities_v2__territory_availabilities__list,ülke kullanılabilirliği → ülke kullanılabilirliği · listele,listele,EVET,122,app_availabilities_v2,apps,app_availabilities_v2.territory_availabilities.list,GET,/v2/appAvailabilities/{id}/territoryAvailabilities,List the territory availabilities belonging to an app availabilities (v2).
app-info,,app_categories__get,kategori · getir,getir,EVET,87,app_categories,apps,app_categories.get,GET,/v1/appCategories/{id},Read one app category by ID.
app-info,,app_categories__list,kategori · listele,listele,EVET,166,app_categories,apps,app_categories.list,GET,/v1/appCategories,List app categories.
app-info,,app_categories__parent__get,kategori → üst kategori · getir,getir,EVET,58,app_categories,apps,app_categories.parent.get,GET,/v1/appCategories/{id}/parent,Read the parent for an app category.
app-info,,app_categories__subcategories__list,kategori → alt kategori · listele,listele,EVET,82,app_categories,apps,app_categories.subcategories.list,GET,/v1/appCategories/{id}/subcategories,List the subcategories belonging to an app category.
app-info,,app_info_localizations__create,künye dil metni · oluştur,oluştur,HAYIR,70,app_info_localizations,apps,app_info_localizations.create,POST,/v1/appInfoLocalizations,"Add a new language for the app-level listing fields: name, subtitle, privacy policy."
app-info,,app_info_localizations__delete,künye dil metni · sil,sil,HAYIR,58,app_info_localizations,apps,app_info_localizations.delete,DELETE,/v1/appInfoLocalizations/{id},Delete an app info localization.
app-info,,app_info_localizations__get,künye dil metni · getir,getir,EVET,87,app_info_localizations,apps,app_info_localizations.get,GET,/v1/appInfoLocalizations/{id},Read one app info localization by ID.
app-info,,app_info_localizations__update,künye dil metni · güncelle,güncelle,HAYIR,80,app_info_localizations,apps,app_info_localizations.update,PATCH,/v1/appInfoLocalizations/{id},"Update an app's name, subtitle or privacy policy text for one language. App name and subtitle are capped at 30 characters."
app-info,,app_infos__age_rating_declaration__get,uygulama künyesi → yaş sınırı beyanı · getir,getir,EVET,63,app_infos,apps,app_infos.age_rating_declaration.get,GET,/v1/appInfos/{id}/ageRatingDeclaration,Read the age rating declaration for an app info.
app-info,,app_infos__app_info_localizations__list,uygulama künyesi → künye dil metni · listele,listele,EVET,136,app_infos,apps,app_infos.app_info_localizations.list,GET,/v1/appInfos/{id}/appInfoLocalizations,List the app info localizations belonging to an app info.
app-info,,app_infos__get,uygulama künyesi · getir,getir,EVET,126,app_infos,apps,app_infos.get,GET,/v1/appInfos/{id},Read one app info by ID.
app-info,,app_infos__primary_category__get,uygulama künyesi → primary category · getir,getir,EVET,93,app_infos,apps,app_infos.primary_category.get,GET,/v1/appInfos/{id}/primaryCategory,Read the primary category for an app info.
app-info,,app_infos__primary_subcategory_one__get,uygulama künyesi → primary subcategory one · getir,getir,EVET,97,app_infos,apps,app_infos.primary_subcategory_one.get,GET,/v1/appInfos/{id}/primarySubcategoryOne,Read the primary subcategory one for an app info.
app-info,,app_infos__primary_subcategory_two__get,uygulama künyesi → primary subcategory two · getir,getir,EVET,97,app_infos,apps,app_infos.primary_subcategory_two.get,GET,/v1/appInfos/{id}/primarySubcategoryTwo,Read the primary subcategory two for an app info.
app-info,,app_infos__secondary_category__get,uygulama künyesi → secondary category · getir,getir,EVET,94,app_infos,apps,app_infos.secondary_category.get,GET,/v1/appInfos/{id}/secondaryCategory,Read the secondary category for an app info.
app-info,,app_infos__secondary_subcategory_one__get,uygulama künyesi → secondary subcategory one · getir,getir,EVET,98,app_infos,apps,app_infos.secondary_subcategory_one.get,GET,/v1/appInfos/{id}/secondarySubcategoryOne,Read the secondary subcategory one for an app info.
app-info,,app_infos__secondary_subcategory_two__get,uygulama künyesi → secondary subcategory two · getir,getir,EVET,98,app_infos,apps,app_infos.secondary_subcategory_two.get,GET,/v1/appInfos/{id}/secondarySubcategoryTwo,Read the secondary subcategory two for an app info.
app-info,,app_infos__territory_age_ratings__list,uygulama künyesi → territory age ratings · listele,listele,EVET,114,app_infos,apps,app_infos.territory_age_ratings.list,GET,/v1/appInfos/{id}/territoryAgeRatings,List the territory age ratings belonging to an app info.
app-info,,app_infos__update,uygulama künyesi · güncelle,güncelle,HAYIR,51,app_infos,apps,app_infos.update,PATCH,/v1/appInfos/{id},Update an app info.
app-info,,app_tags__territories__list,uygulama etiketi → ülke/bölge · listele,listele,EVET,79,app_tags,apps,app_tags.territories.list,GET,/v1/appTags/{id}/territories,List the territories belonging to an app tag.
app-info,,app_tags__update,uygulama etiketi · güncelle,güncelle,HAYIR,51,app_tags,apps,app_tags.update,PATCH,/v1/appTags/{id},Update an app tag.
app-info,,apps__app_availability_v2__get,uygulama → app availability · getir,getir,EVET,93,apps,apps,apps.app_availability_v2.get,GET,/v1/apps/{id}/appAvailabilityV2,Read the app availability (v2) for an app.
app-info,,apps__app_infos__list,uygulama → uygulama künyesi · listele,listele,EVET,150,apps,apps,apps.app_infos.list,GET,/v1/apps/{id}/appInfos,List the app infos belonging to an app.
app-info,,apps__app_tags__list,uygulama → uygulama etiketi · listele,listele,EVET,170,apps,apps,apps.app_tags.list,GET,/v1/apps/{id}/appTags,List the app tags belonging to an app.
distribution,version,apps__search_keywords__list,uygulama → arama anahtar kelimesi · listele,listele,EVET,117,apps,apps,apps.search_keywords.list,GET,/v1/apps/{id}/searchKeywords,List the search keywords belonging to an app.
app-info,,apps__update,uygulama · güncelle,güncelle,HAYIR,49,apps,apps,apps.update,PATCH,/v1/apps/{id},Update an app.
app-info,,end_app_availability_pre_orders__create,end app availability pre orders · oluştur,oluştur,HAYIR,61,end_app_availability_pre_orders,apps,end_app_availability_pre_orders.create,POST,/v1/endAppAvailabilityPreOrders,Create an end app availability pre order.
app-info,,territories__list,ülke/bölge · listele,listele,EVET,68,territories,apps,territories.list,GET,/v1/territories,List territories.
app-info,,territory_availabilities__update,ülke kullanılabilirliği · güncelle,güncelle,HAYIR,58,territory_availabilities,apps,territory_availabilities.update,PATCH,/v1/territoryAvailabilities/{id},Update a territory availability.
background-assets,,apps__background_assets__list,uygulama → background asset · listele,listele,EVET,291,apps,apps,apps.background_assets.list,GET,/v1/apps/{id}/backgroundAssets,List the background assets belonging to an app.
background-assets,,background_asset_upload_files__create,background asset upload files · oluştur,oluştur,HAYIR,60,background_asset_upload_files,background_assets,background_asset_upload_files.create,POST,/v1/backgroundAssetUploadFiles,Create a background asset upload file.
background-assets,,background_asset_upload_files__get,background asset upload files · getir,getir,EVET,62,background_asset_upload_files,background_assets,background_asset_upload_files.get,GET,/v1/backgroundAssetUploadFiles/{id},Read one background asset upload file by ID.
background-assets,,background_asset_upload_files__update,background asset upload files · güncelle,güncelle,HAYIR,61,background_asset_upload_files,background_assets,background_asset_upload_files.update,PATCH,/v1/backgroundAssetUploadFiles/{id},Update a background asset upload file.
background-assets,,background_asset_version_app_store_releases__get,background asset version app store releases · getir,getir,EVET,102,background_asset_version_app_store_releases,background_assets,background_asset_version_app_store_releases.get,GET,/v1/backgroundAssetVersionAppStoreReleases/{id},Read one background asset version App Store release by ID.
background-assets,,background_asset_version_external_beta_releases__get,background asset version external beta releases · getir,getir,EVET,104,background_asset_version_external_beta_releases,background_assets,background_asset_version_external_beta_releases.get,GET,/v1/backgroundAssetVersionExternalBetaReleases/{id},Read one background asset version external beta release by ID.
background-assets,,background_asset_version_internal_beta_releases__get,background asset version internal beta releases · getir,getir,EVET,104,background_asset_version_internal_beta_releases,background_assets,background_asset_version_internal_beta_releases.get,GET,/v1/backgroundAssetVersionInternalBetaReleases/{id},Read one background asset version internal beta release by ID.
background-assets,,background_asset_versions__background_asset_upload_files__list,background asset versions → background asset upload files · listele,listele,EVET,96,background_asset_versions,background_assets,background_asset_versions.background_asset_upload_files.list,GET,/v1/backgroundAssetVersions/{id}/backgroundAssetUploadFiles,List the background asset upload files belonging to a background asset version.
background-assets,,background_asset_versions__create,background asset versions · oluştur,oluştur,HAYIR,58,background_asset_versions,background_assets,background_asset_versions.create,POST,/v1/backgroundAssetVersions,Create a background asset version.
background-assets,,background_asset_versions__get,background asset versions · getir,getir,EVET,113,background_asset_versions,background_assets,background_asset_versions.get,GET,/v1/backgroundAssetVersions/{id},Read one background asset version by ID.
background-assets,,background_assets__create,background asset · oluştur,oluştur,HAYIR,54,background_assets,background_assets,background_assets.create,POST,/v1/backgroundAssets,Create a background asset.
background-assets,,background_assets__get,background asset · getir,getir,EVET,99,background_assets,background_assets,background_assets.get,GET,/v1/backgroundAssets/{id},Read one background asset by ID.
background-assets,,background_assets__update,background asset · güncelle,güncelle,HAYIR,55,background_assets,background_assets,background_assets.update,PATCH,/v1/backgroundAssets/{id},Update a background asset.
background-assets,,background_assets__versions__list,background asset → sürüm · listele,listele,EVET,468,background_assets,background_assets,background_assets.versions.list,GET,/v1/backgroundAssets/{id}/versions,List the versions belonging to a background asset.
analytics,,apps__perf_power_metrics__list,uygulama → performans/pil ölçümü · listele,listele,EVET,156,apps,apps,apps.perf_power_metrics.list,GET,/v1/apps/{id}/perfPowerMetrics,List the perf power metrics belonging to an app.
distribution,dma-distribution,alternative_distribution_domains__create,alternatif dağıtım alan adı · oluştur,oluştur,HAYIR,62,alternative_distribution_domains,apps,alternative_distribution_domains.create,POST,/v1/alternativeDistributionDomains,Create an alternative distribution domain.
distribution,dma-distribution,alternative_distribution_domains__delete,alternatif dağıtım alan adı · sil,sil,HAYIR,63,alternative_distribution_domains,apps,alternative_distribution_domains.delete,DELETE,/v1/alternativeDistributionDomains/{id},Delete an alternative distribution domain.
distribution,dma-distribution,alternative_distribution_domains__get,alternatif dağıtım alan adı · getir,getir,EVET,63,alternative_distribution_domains,apps,alternative_distribution_domains.get,GET,/v1/alternativeDistributionDomains/{id},Read one alternative distribution domain by ID.
distribution,dma-distribution,alternative_distribution_domains__list,alternatif dağıtım alan adı · listele,listele,EVET,79,alternative_distribution_domains,apps,alternative_distribution_domains.list,GET,/v1/alternativeDistributionDomains,List alternative distribution domains.
distribution,dma-distribution,alternative_distribution_keys__create,alternatif dağıtım anahtarı · oluştur,oluştur,HAYIR,60,alternative_distribution_keys,apps,alternative_distribution_keys.create,POST,/v1/alternativeDistributionKeys,Create an alternative distribution key.
distribution,dma-distribution,alternative_distribution_keys__delete,alternatif dağıtım anahtarı · sil,sil,HAYIR,61,alternative_distribution_keys,apps,alternative_distribution_keys.delete,DELETE,/v1/alternativeDistributionKeys/{id},Delete an alternative distribution key.
distribution,dma-distribution,alternative_distribution_keys__get,alternatif dağıtım anahtarı · getir,getir,EVET,62,alternative_distribution_keys,apps,alternative_distribution_keys.get,GET,/v1/alternativeDistributionKeys/{id},Read one alternative distribution key by ID.
distribution,dma-distribution,alternative_distribution_keys__list,alternatif dağıtım anahtarı · listele,listele,EVET,105,alternative_distribution_keys,apps,alternative_distribution_keys.list,GET,/v1/alternativeDistributionKeys,List alternative distribution keys.
distribution,dma-distribution,alternative_distribution_package_deltas__get,alternatif dağıtım paket farkı · getir,getir,EVET,67,alternative_distribution_package_deltas,apps,alternative_distribution_package_deltas.get,GET,/v1/alternativeDistributionPackageDeltas/{id},Read one alternative distribution package delta by ID.
distribution,dma-distribution,alternative_distribution_package_variants__get,alternatif dağıtım paket varyantı · getir,getir,EVET,68,alternative_distribution_package_variants,apps,alternative_distribution_package_variants.get,GET,/v1/alternativeDistributionPackageVariants/{id},Read one alternative distribution package variant by ID.
distribution,dma-distribution,alternative_distribution_package_versions__deltas__list,alternatif dağıtım paket sürümü → deltas · listele,listele,EVET,93,alternative_distribution_package_versions,apps,alternative_distribution_package_versions.deltas.list,GET,/v1/alternativeDistributionPackageVersions/{id}/deltas,List the deltas belonging to an alternative distribution package version.
distribution,dma-distribution,alternative_distribution_package_versions__get,alternatif dağıtım paket sürümü · getir,getir,EVET,108,alternative_distribution_package_versions,apps,alternative_distribution_package_versions.get,GET,/v1/alternativeDistributionPackageVersions/{id},Read one alternative distribution package version by ID.
distribution,dma-distribution,alternative_distribution_package_versions__variants__list,alternatif dağıtım paket sürümü → variants · listele,listele,EVET,94,alternative_distribution_package_versions,apps,alternative_distribution_package_versions.variants.list,GET,/v1/alternativeDistributionPackageVersions/{id}/variants,List the variants belonging to an alternative distribution package version.
distribution,dma-distribution,alternative_distribution_packages__create,alternatif dağıtım paketi · oluştur,oluştur,HAYIR,62,alternative_distribution_packages,apps,alternative_distribution_packages.create,POST,/v1/alternativeDistributionPackages,Create an alternative distribution package.
distribution,dma-distribution,alternative_distribution_packages__get,alternatif dağıtım paketi · getir,getir,EVET,93,alternative_distribution_packages,apps,alternative_distribution_packages.get,GET,/v1/alternativeDistributionPackages/{id},Read one alternative distribution package by ID.
distribution,dma-distribution,alternative_distribution_packages__versions__list,alternatif dağıtım paketi → sürüm · listele,listele,EVET,159,alternative_distribution_packages,apps,alternative_distribution_packages.versions.list,GET,/v1/alternativeDistributionPackages/{id}/versions,List the versions belonging to an alternative distribution package.
distribution,dma-distribution,app_store_versions__alternative_distribution_package__get,App Store sürümü → alternatif dağıtım paketi · getir,getir,EVET,102,app_store_versions,versions,app_store_versions.alternative_distribution_package.get,GET,/v1/appStoreVersions/{id}/alternativeDistributionPackage,Read the alternative distribution package for an App Store version.
distribution,dma-distribution,apps__alternative_distribution_key__get,uygulama → alternatif dağıtım anahtarı · getir,getir,EVET,64,apps,apps,apps.alternative_distribution_key.get,GET,/v1/apps/{id}/alternativeDistributionKey,Read the alternative distribution key for an app.
distribution,dma-distribution,apps__marketplace_search_detail__get,uygulama → pazar yeri arama bilgisi · getir,getir,EVET,62,apps,apps,apps.marketplace_search_detail.get,GET,/v1/apps/{id}/marketplaceSearchDetail,Read the marketplace search detail for an app.
distribution,dma-distribution,marketplace_search_details__create,pazar yeri arama bilgisi · oluştur,oluştur,HAYIR,58,marketplace_search_details,apps,marketplace_search_details.create,POST,/v1/marketplaceSearchDetails,Create a marketplace search detail.
distribution,dma-distribution,marketplace_search_details__delete,pazar yeri arama bilgisi · sil,sil,HAYIR,59,marketplace_search_details,apps,marketplace_search_details.delete,DELETE,/v1/marketplaceSearchDetails/{id},Delete a marketplace search detail.
distribution,dma-distribution,marketplace_search_details__update,pazar yeri arama bilgisi · güncelle,güncelle,HAYIR,59,marketplace_search_details,apps,marketplace_search_details.update,PATCH,/v1/marketplaceSearchDetails/{id},Update a marketplace search detail.
distribution,builds,apps__build_uploads__list,uygulama → build yükleme · listele,listele,EVET,279,apps,apps,apps.build_uploads.list,GET,/v1/apps/{id}/buildUploads,List the build uploads belonging to an app.
distribution,builds,build_bundles__build_bundle_file_sizes__list,build bundle → build boyutu · listele,listele,EVET,87,build_bundles,builds,build_bundles.build_bundle_file_sizes.list,GET,/v1/buildBundles/{id}/buildBundleFileSizes,List the build bundle file sizes belonging to a build bundle.
distribution,builds,build_upload_files__create,build yükleme dosyası · oluştur,oluştur,HAYIR,54,build_upload_files,builds,build_upload_files.create,POST,/v1/buildUploadFiles,Create a build upload file.
distribution,builds,build_upload_files__get,build yükleme dosyası · getir,getir,EVET,56,build_upload_files,builds,build_upload_files.get,GET,/v1/buildUploadFiles/{id},Read one build upload file by ID.
distribution,builds,build_upload_files__update,build yükleme dosyası · güncelle,güncelle,HAYIR,55,build_upload_files,builds,build_upload_files.update,PATCH,/v1/buildUploadFiles/{id},Update a build upload file.
distribution,builds,build_uploads__build_upload_files__list,build yükleme → build yükleme dosyası · listele,listele,EVET,84,build_uploads,builds,build_uploads.build_upload_files.list,GET,/v1/buildUploads/{id}/buildUploadFiles,List the build upload files belonging to a build upload.
distribution,builds,build_uploads__create,build yükleme · oluştur,oluştur,HAYIR,52,build_uploads,builds,build_uploads.create,POST,/v1/buildUploads,Create a build upload.
distribution,builds,build_uploads__delete,build yükleme · sil,sil,HAYIR,53,build_uploads,builds,build_uploads.delete,DELETE,/v1/buildUploads/{id},Delete a build upload.
distribution,builds,build_uploads__get,build yükleme · getir,getir,EVET,95,build_uploads,builds,build_uploads.get,GET,/v1/buildUploads/{id},Read one build upload by ID.
distribution,builds,builds__app__get,build → uygulama · getir,getir,EVET,52,builds,builds,builds.app.get,GET,/v1/builds/{id}/app,Read the app for a build.
distribution,builds,builds__app_encryption_declaration__set,build → şifreleme beyanı · ata,ata,HAYIR,65,builds,builds,builds.app_encryption_declaration.set,PATCH,/v1/builds/{id}/relationships/appEncryptionDeclaration,Set the app encryption declaration linked to a build.
distribution,builds,builds__app_store_version__get,build → App Store sürümü · getir,getir,EVET,159,builds,builds,builds.app_store_version.get,GET,/v1/builds/{id}/appStoreVersion,Read the App Store version for a build.
distribution,builds,builds__diagnostic_signatures__list,build → kilitlenme imzası · listele,listele,EVET,118,builds,builds,builds.diagnostic_signatures.list,GET,/v1/builds/{id}/diagnosticSignatures,List the diagnostic signatures belonging to a build.
distribution,builds,builds__get,build · getir,getir,EVET,129,builds,builds,builds.get,GET,/v1/builds/{id},Read one build by ID.
distribution,builds,builds__icons__list,build → ikon · listele,listele,EVET,74,builds,builds,builds.icons.list,GET,/v1/builds/{id}/icons,List the icons belonging to a build.
distribution,builds,builds__list,build · listele,listele,EVET,632,builds,builds,builds.list,GET,/v1/builds,List builds.
distribution,builds,builds__perf_power_metrics__list,build → performans/pil ölçümü · listele,listele,EVET,157,builds,builds,builds.perf_power_metrics.list,GET,/v1/builds/{id}/perfPowerMetrics,List the perf power metrics belonging to a build.
distribution,builds,builds__pre_release_version__get,build → ön sürüm · getir,getir,EVET,60,builds,builds,builds.pre_release_version.get,GET,/v1/builds/{id}/preReleaseVersion,Read the pre release version for a build.
distribution,builds,builds__update,build · güncelle,güncelle,HAYIR,70,builds,builds,builds.update,PATCH,/v1/builds/{id},Update a build — most commonly to set usesNonExemptEncryption compliance so it can be distributed.
distribution,coverages,routing_app_coverages__create,yönlendirme kapsama dosyası · oluştur,oluştur,HAYIR,56,routing_app_coverages,versions,routing_app_coverages.create,POST,/v1/routingAppCoverages,Create a routing app coverage.
distribution,coverages,routing_app_coverages__delete,yönlendirme kapsama dosyası · sil,sil,HAYIR,57,routing_app_coverages,versions,routing_app_coverages.delete,DELETE,/v1/routingAppCoverages/{id},Delete a routing app coverage.
distribution,coverages,routing_app_coverages__get,yönlendirme kapsama dosyası · getir,getir,EVET,89,routing_app_coverages,versions,routing_app_coverages.get,GET,/v1/routingAppCoverages/{id},Read one routing app coverage by ID.
distribution,coverages,routing_app_coverages__update,yönlendirme kapsama dosyası · güncelle,güncelle,HAYIR,57,routing_app_coverages,versions,routing_app_coverages.update,PATCH,/v1/routingAppCoverages/{id},Update a routing app coverage.
distribution,pre-release,apps__pre_release_versions__list,uygulama → ön sürüm · listele,listele,EVET,81,apps,apps,apps.pre_release_versions.list,GET,/v1/apps/{id}/preReleaseVersions,List the pre release versions belonging to an app.
distribution,pre-release,pre_release_versions__app__get,ön sürüm → uygulama · getir,getir,EVET,59,pre_release_versions,builds,pre_release_versions.app.get,GET,/v1/preReleaseVersions/{id}/app,Read the app for a pre release version.
distribution,pre-release,pre_release_versions__builds__list,ön sürüm → build · listele,listele,EVET,82,pre_release_versions,builds,pre_release_versions.builds.list,GET,/v1/preReleaseVersions/{id}/builds,List the builds belonging to a pre release version.
distribution,pre-release,pre_release_versions__get,ön sürüm · getir,getir,EVET,88,pre_release_versions,builds,pre_release_versions.get,GET,/v1/preReleaseVersions/{id},Read one pre release version by ID.
distribution,pre-release,pre_release_versions__list,ön sürüm · listele,listele,EVET,378,pre_release_versions,builds,pre_release_versions.list,GET,/v1/preReleaseVersions,List pre release versions.
distribution,review,review_submission_items__create,inceleme gönderim kalemi · oluştur,oluştur,HAYIR,57,review_submission_items,versions,review_submission_items.create,POST,/v1/reviewSubmissionItems,Create a review submission item.
distribution,review,review_submission_items__delete,inceleme gönderim kalemi · sil,sil,HAYIR,58,review_submission_items,versions,review_submission_items.delete,DELETE,/v1/reviewSubmissionItems/{id},Delete a review submission item.
distribution,review,review_submission_items__update,inceleme gönderim kalemi · güncelle,güncelle,HAYIR,58,review_submission_items,versions,review_submission_items.update,PATCH,/v1/reviewSubmissionItems/{id},Update a review submission item.
distribution,review,review_submissions__create,inceleme gönderimi · oluştur,oluştur,HAYIR,71,review_submissions,versions,review_submissions.create,POST,/v1/reviewSubmissions,Submit an App Store version for Apple review. The version must already have a build attached.
distribution,review,review_submissions__get,inceleme gönderimi · getir,getir,EVET,103,review_submissions,versions,review_submissions.get,GET,/v1/reviewSubmissions/{id},Read one review submission by ID.
distribution,review,review_submissions__items__list,inceleme gönderimi → items · listele,listele,EVET,199,review_submissions,versions,review_submissions.items.list,GET,/v1/reviewSubmissions/{id}/items,List the items belonging to a review submission.
distribution,review,review_submissions__list,inceleme gönderimi · listele,listele,EVET,229,review_submissions,versions,review_submissions.list,GET,/v1/reviewSubmissions,List review submissions.
distribution,review,review_submissions__update,inceleme gönderimi · güncelle,güncelle,HAYIR,55,review_submissions,versions,review_submissions.update,PATCH,/v1/reviewSubmissions/{id},Update a review submission.
distribution,submission,app_store_review_attachments__create,incelemeye ek dosya · oluştur,oluştur,HAYIR,60,app_store_review_attachments,versions,app_store_review_attachments.create,POST,/v1/appStoreReviewAttachments,Create an App Store review attachment.
distribution,submission,app_store_review_attachments__delete,incelemeye ek dosya · sil,sil,HAYIR,61,app_store_review_attachments,versions,app_store_review_attachments.delete,DELETE,/v1/appStoreReviewAttachments/{id},Delete an App Store review attachment.
distribution,submission,app_store_review_attachments__get,incelemeye ek dosya · getir,getir,EVET,94,app_store_review_attachments,versions,app_store_review_attachments.get,GET,/v1/appStoreReviewAttachments/{id},Read one App Store review attachment by ID.
distribution,submission,app_store_review_attachments__update,incelemeye ek dosya · güncelle,güncelle,HAYIR,61,app_store_review_attachments,versions,app_store_review_attachments.update,PATCH,/v1/appStoreReviewAttachments/{id},Update an App Store review attachment.
distribution,submission,app_store_review_details__app_store_review_attachments__list,inceleme iletişim bilgisi → incelemeye ek dosya · listele,listele,EVET,128,app_store_review_details,versions,app_store_review_details.app_store_review_attachments.list,GET,/v1/appStoreReviewDetails/{id}/appStoreReviewAttachments,List the App Store review attachments belonging to an App Store review detail.
distribution,submission,app_store_review_details__create,inceleme iletişim bilgisi · oluştur,oluştur,HAYIR,58,app_store_review_details,versions,app_store_review_details.create,POST,/v1/appStoreReviewDetails,Create an App Store review detail.
distribution,submission,app_store_review_details__get,inceleme iletişim bilgisi · getir,getir,EVET,97,app_store_review_details,versions,app_store_review_details.get,GET,/v1/appStoreReviewDetails/{id},Read one App Store review detail by ID.
distribution,submission,app_store_review_details__update,inceleme iletişim bilgisi · güncelle,güncelle,HAYIR,59,app_store_review_details,versions,app_store_review_details.update,PATCH,/v1/appStoreReviewDetails/{id},Update an App Store review detail.
distribution,submission,apps__review_submissions__list,uygulama → inceleme gönderimi · listele,listele,EVET,211,apps,apps,apps.review_submissions.list,GET,/v1/apps/{id}/reviewSubmissions,List the review submissions belonging to an app.
distribution,version,app_store_version_localizations__app_preview_sets__list,sürüm dil metni (açıklama/whats new/keyword) → önizleme seti · listele,listele,EVET,310,app_store_version_localizations,versions,app_store_version_localizations.app_preview_sets.list,GET,/v1/appStoreVersionLocalizations/{id}/appPreviewSets,List the app preview sets belonging to an App Store version localization.
distribution,version,app_store_version_localizations__app_screenshot_sets__list,sürüm dil metni (açıklama/whats new/keyword) → ekran görüntüsü seti · listele,listele,EVET,438,app_store_version_localizations,versions,app_store_version_localizations.app_screenshot_sets.list,GET,/v1/appStoreVersionLocalizations/{id}/appScreenshotSets,List the app screenshot sets belonging to an App Store version localization.
distribution,version,app_store_version_localizations__create,sürüm dil metni (açıklama/whats new/keyword) · oluştur,oluştur,HAYIR,82,app_store_version_localizations,versions,app_store_version_localizations.create,POST,/v1/appStoreVersionLocalizations,"Add a new language (locale) to an App Store version — description, keywords, what's new, promotional text for that language."
distribution,version,app_store_version_localizations__delete,sürüm dil metni (açıklama/whats new/keyword) · sil,sil,HAYIR,62,app_store_version_localizations,versions,app_store_version_localizations.delete,DELETE,/v1/appStoreVersionLocalizations/{id},Delete an App Store version localization.
distribution,version,app_store_version_localizations__get,sürüm dil metni (açıklama/whats new/keyword) · getir,getir,EVET,107,app_store_version_localizations,versions,app_store_version_localizations.get,GET,/v1/appStoreVersionLocalizations/{id},Read one App Store version localization by ID.
distribution,version,app_store_version_localizations__search_keywords__add,sürüm dil metni (açıklama/whats new/keyword) → arama anahtar kelimesi · ekle,ekle,HAYIR,76,app_store_version_localizations,versions,app_store_version_localizations.search_keywords.add,POST,/v1/appStoreVersionLocalizations/{id}/relationships/searchKeywords,Add App Store search keywords to a version localization (ASO keyword optimization).
distribution,version,app_store_version_localizations__search_keywords__list,sürüm dil metni (açıklama/whats new/keyword) → arama anahtar kelimesi · listele,listele,EVET,130,app_store_version_localizations,versions,app_store_version_localizations.search_keywords.list,GET,/v1/appStoreVersionLocalizations/{id}/searchKeywords,List the search keywords belonging to an App Store version localization.
distribution,version,app_store_version_localizations__search_keywords__remove,sürüm dil metni (açıklama/whats new/keyword) → arama anahtar kelimesi · çıkar,çıkar,HAYIR,71,app_store_version_localizations,versions,app_store_version_localizations.search_keywords.remove,DELETE,/v1/appStoreVersionLocalizations/{id}/relationships/searchKeywords,Unlink search keywords from an App Store version localization.
distribution,version,app_store_version_localizations__update,sürüm dil metni (açıklama/whats new/keyword) · güncelle,güncelle,HAYIR,91,app_store_version_localizations,versions,app_store_version_localizations.update,PATCH,/v1/appStoreVersionLocalizations/{id},"Update the store listing text for one language of a version: description, keywords, what's new (release notes), promotional text, support and marketing URLs."
distribution,version,app_store_version_phased_releases__create,kademeli yayın · oluştur,oluştur,HAYIR,80,app_store_version_phased_releases,versions,app_store_version_phased_releases.create,POST,/v1/appStoreVersionPhasedReleases,"Start a phased (gradual) rollout for an approved version, releasing to a growing percentage of users over 7 days."
distribution,version,app_store_version_phased_releases__delete,kademeli yayın · sil,sil,HAYIR,63,app_store_version_phased_releases,versions,app_store_version_phased_releases.delete,DELETE,/v1/appStoreVersionPhasedReleases/{id},Delete an App Store version phased release.
distribution,version,app_store_version_phased_releases__update,kademeli yayın · güncelle,güncelle,HAYIR,76,app_store_version_phased_releases,versions,app_store_version_phased_releases.update,PATCH,/v1/appStoreVersionPhasedReleases/{id},"Pause, resume or complete a phased release. Set phasedReleaseState to PAUSE, ACTIVE or COMPLETE."
distribution,version,app_store_version_promotions__create,sürüm terfisi · oluştur,oluştur,HAYIR,60,app_store_version_promotions,versions,app_store_version_promotions.create,POST,/v1/appStoreVersionPromotions,Create an App Store version promotion.
distribution,version,app_store_version_release_requests__create,yayına alma isteği · oluştur,oluştur,HAYIR,72,app_store_version_release_requests,versions,app_store_version_release_requests.create,POST,/v1/appStoreVersionReleaseRequests,Manually release a version that was approved and is waiting for developer release.
distribution,version,app_store_versions__app_store_review_detail__get,App Store sürümü → inceleme iletişim bilgisi · getir,getir,EVET,107,app_store_versions,versions,app_store_versions.app_store_review_detail.get,GET,/v1/appStoreVersions/{id}/appStoreReviewDetail,Read the App Store review detail for an App Store version.
distribution,version,app_store_versions__app_store_version_localizations__list,App Store sürümü → sürüm dil metni (açıklama/whats new/keyword) · listele,listele,EVET,160,app_store_versions,versions,app_store_versions.app_store_version_localizations.list,GET,/v1/appStoreVersions/{id}/appStoreVersionLocalizations,List the App Store version localizations belonging to an App Store version.
distribution,version,app_store_versions__app_store_version_phased_release__get,App Store sürümü → kademeli yayın · getir,getir,EVET,73,app_store_versions,versions,app_store_versions.app_store_version_phased_release.get,GET,/v1/appStoreVersions/{id}/appStoreVersionPhasedRelease,Read the App Store version phased release for an App Store version.
distribution,version,app_store_versions__build__get,App Store sürümü → build · getir,getir,EVET,59,app_store_versions,versions,app_store_versions.build.get,GET,/v1/appStoreVersions/{id}/build,Read the build for an App Store version.
distribution,version,app_store_versions__build__set,App Store sürümü → build · ata,ata,HAYIR,61,app_store_versions,versions,app_store_versions.build.set,PATCH,/v1/appStoreVersions/{id}/relationships/build,Set the build linked to an App Store version.
distribution,version,app_store_versions__create,App Store sürümü · oluştur,oluştur,HAYIR,70,app_store_versions,versions,app_store_versions.create,POST,/v1/appStoreVersions,Create a new App Store version. Do this before attaching a build and submitting for review.
distribution,version,app_store_versions__delete,App Store sürümü · sil,sil,HAYIR,56,app_store_versions,versions,app_store_versions.delete,DELETE,/v1/appStoreVersions/{id},Delete an App Store version.
distribution,version,app_store_versions__get,App Store sürümü · getir,getir,EVET,156,app_store_versions,versions,app_store_versions.get,GET,/v1/appStoreVersions/{id},Read one App Store version by ID.
distribution,version,app_store_versions__routing_app_coverage__get,App Store sürümü → yönlendirme kapsama dosyası · getir,getir,EVET,98,app_store_versions,versions,app_store_versions.routing_app_coverage.get,GET,/v1/appStoreVersions/{id}/routingAppCoverage,Read the routing app coverage for an App Store version.
distribution,version,app_store_versions__update,App Store sürümü · güncelle,güncelle,HAYIR,69,app_store_versions,versions,app_store_versions.update,PATCH,/v1/appStoreVersions/{id},"Update an App Store version, including its release type and earliest release date."
encryption,,app_encryption_declaration_documents__create,app encryption declaration documents · oluştur,oluştur,HAYIR,64,app_encryption_declaration_documents,apps,app_encryption_declaration_documents.create,POST,/v1/appEncryptionDeclarationDocuments,Create an app encryption declaration document.
encryption,,app_encryption_declaration_documents__get,app encryption declaration documents · getir,getir,EVET,65,app_encryption_declaration_documents,apps,app_encryption_declaration_documents.get,GET,/v1/appEncryptionDeclarationDocuments/{id},Read one app encryption declaration document by ID.
encryption,,app_encryption_declaration_documents__update,app encryption declaration documents · güncelle,güncelle,HAYIR,65,app_encryption_declaration_documents,apps,app_encryption_declaration_documents.update,PATCH,/v1/appEncryptionDeclarationDocuments/{id},Update an app encryption declaration document.
encryption,,app_encryption_declarations__app_encryption_declaration_document__get,şifreleme beyanı → app encryption declaration document · getir,getir,EVET,79,app_encryption_declarations,apps,app_encryption_declarations.app_encryption_declaration_document.get,GET,/v1/appEncryptionDeclarations/{id}/appEncryptionDeclarationDocument,Read the app encryption declaration document for an app encryption declaration.
encryption,,app_encryption_declarations__create,şifreleme beyanı · oluştur,oluştur,HAYIR,59,app_encryption_declarations,apps,app_encryption_declarations.create,POST,/v1/appEncryptionDeclarations,Create an app encryption declaration.
encryption,,app_encryption_declarations__get,şifreleme beyanı · getir,getir,EVET,100,app_encryption_declarations,apps,app_encryption_declarations.get,GET,/v1/appEncryptionDeclarations/{id},Read one app encryption declaration by ID.
encryption,,app_encryption_declarations__list,şifreleme beyanı · listele,listele,EVET,194,app_encryption_declarations,apps,app_encryption_declarations.list,GET,/v1/appEncryptionDeclarations,List app encryption declarations.
encryption,,builds__app_encryption_declaration__get,build → şifreleme beyanı · getir,getir,EVET,64,builds,builds,builds.app_encryption_declaration.get,GET,/v1/builds/{id}/appEncryptionDeclaration,Read the app encryption declaration for a build.
game-center,gc-achievement,game_center_achievement_images_v2__create,başarım görseli · oluştur,oluştur,HAYIR,63,game_center_achievement_images_v2,game_center,game_center_achievement_images_v2.create,POST,/v2/gameCenterAchievementImages,Create a Game Center achievement images (v2).
game-center,gc-achievement,game_center_achievement_images_v2__delete,başarım görseli · sil,sil,HAYIR,64,game_center_achievement_images_v2,game_center,game_center_achievement_images_v2.delete,DELETE,/v2/gameCenterAchievementImages/{id},Delete a Game Center achievement images (v2).
game-center,gc-achievement,game_center_achievement_images_v2__get,başarım görseli · getir,getir,EVET,95,game_center_achievement_images_v2,game_center,game_center_achievement_images_v2.get,GET,/v2/gameCenterAchievementImages/{id},Read one Game Center achievement images (v2) by ID.
game-center,gc-achievement,game_center_achievement_images_v2__update,başarım görseli · güncelle,güncelle,HAYIR,64,game_center_achievement_images_v2,game_center,game_center_achievement_images_v2.update,PATCH,/v2/gameCenterAchievementImages/{id},Update a Game Center achievement images (v2).
game-center,gc-achievement,game_center_achievement_localizations_v2__create,başarım dil metni · oluştur,oluştur,HAYIR,66,game_center_achievement_localizations_v2,game_center,game_center_achievement_localizations_v2.create,POST,/v2/gameCenterAchievementLocalizations,Create a Game Center achievement localizations (v2).
game-center,gc-achievement,game_center_achievement_localizations_v2__delete,başarım dil metni · sil,sil,HAYIR,67,game_center_achievement_localizations_v2,game_center,game_center_achievement_localizations_v2.delete,DELETE,/v2/gameCenterAchievementLocalizations/{id},Delete a Game Center achievement localizations (v2).
game-center,gc-achievement,game_center_achievement_localizations_v2__get,başarım dil metni · getir,getir,EVET,99,game_center_achievement_localizations_v2,game_center,game_center_achievement_localizations_v2.get,GET,/v2/gameCenterAchievementLocalizations/{id},Read one Game Center achievement localizations (v2) by ID.
game-center,gc-achievement,game_center_achievement_localizations_v2__image__get,başarım dil metni → görsel · getir,getir,EVET,101,game_center_achievement_localizations_v2,game_center,game_center_achievement_localizations_v2.image.get,GET,/v2/gameCenterAchievementLocalizations/{id}/image,Read the image for a Game Center achievement localizations (v2).
game-center,gc-achievement,game_center_achievement_localizations_v2__update,başarım dil metni · güncelle,güncelle,HAYIR,67,game_center_achievement_localizations_v2,game_center,game_center_achievement_localizations_v2.update,PATCH,/v2/gameCenterAchievementLocalizations/{id},Update a Game Center achievement localizations (v2).
game-center,gc-achievement,game_center_achievement_versions_v2__create,game center achievement versions · oluştur,oluştur,HAYIR,64,game_center_achievement_versions_v2,game_center,game_center_achievement_versions_v2.create,POST,/v2/gameCenterAchievementVersions,Create a Game Center achievement versions (v2).
game-center,gc-achievement,game_center_achievement_versions_v2__get,game center achievement versions · getir,getir,EVET,100,game_center_achievement_versions_v2,game_center,game_center_achievement_versions_v2.get,GET,/v2/gameCenterAchievementVersions/{id},Read one Game Center achievement versions (v2) by ID.
game-center,gc-achievement,game_center_achievement_versions_v2__localizations__list,game center achievement versions → dil metni · listele,listele,EVET,125,game_center_achievement_versions_v2,game_center,game_center_achievement_versions_v2.localizations.list,GET,/v2/gameCenterAchievementVersions/{id}/localizations,List the localizations belonging to a Game Center achievement versions (v2).
game-center,gc-achievement,game_center_achievements_v2__activity__set,başarım → aktivite · ata,ata,HAYIR,67,game_center_achievements_v2,game_center,game_center_achievements_v2.activity.set,PATCH,/v2/gameCenterAchievements/{id}/relationships/activity,Set the activity linked to a Game Center achievements (v2).
game-center,gc-achievement,game_center_achievements_v2__create,başarım · oluştur,oluştur,HAYIR,60,game_center_achievements_v2,game_center,game_center_achievements_v2.create,POST,/v2/gameCenterAchievements,Create a Game Center achievements (v2).
game-center,gc-achievement,game_center_achievements_v2__delete,başarım · sil,sil,HAYIR,61,game_center_achievements_v2,game_center,game_center_achievements_v2.delete,DELETE,/v2/gameCenterAchievements/{id},Delete a Game Center achievements (v2).
game-center,gc-achievement,game_center_achievements_v2__get,başarım · getir,getir,EVET,103,game_center_achievements_v2,game_center,game_center_achievements_v2.get,GET,/v2/gameCenterAchievements/{id},Read one Game Center achievements (v2) by ID.
game-center,gc-achievement,game_center_achievements_v2__update,başarım · güncelle,güncelle,HAYIR,61,game_center_achievements_v2,game_center,game_center_achievements_v2.update,PATCH,/v2/gameCenterAchievements/{id},Update a Game Center achievements (v2).
game-center,gc-achievement,game_center_achievements_v2__versions__list,başarım → sürüm · listele,listele,EVET,122,game_center_achievements_v2,game_center,game_center_achievements_v2.versions.list,GET,/v2/gameCenterAchievements/{id}/versions,List the versions belonging to a Game Center achievements (v2).
game-center,gc-activities,game_center_activities__achievements_v2__add,Game Center aktivitesi → başarım · ekle,ekle,HAYIR,65,game_center_activities,game_center,game_center_activities.achievements_v2.add,POST,/v1/gameCenterActivities/{id}/relationships/achievementsV2,Link achievements (v2) to a Game Center activity.
game-center,gc-activities,game_center_activities__achievements_v2__remove,Game Center aktivitesi → başarım · çıkar,çıkar,HAYIR,67,game_center_activities,game_center,game_center_activities.achievements_v2.remove,DELETE,/v1/gameCenterActivities/{id}/relationships/achievementsV2,Unlink achievements (v2) from a Game Center activity.
game-center,gc-activities,game_center_activities__create,Game Center aktivitesi · oluştur,oluştur,HAYIR,56,game_center_activities,game_center,game_center_activities.create,POST,/v1/gameCenterActivities,Create a Game Center activity.
game-center,gc-activities,game_center_activities__delete,Game Center aktivitesi · sil,sil,HAYIR,57,game_center_activities,game_center,game_center_activities.delete,DELETE,/v1/gameCenterActivities/{id},Delete a Game Center activity.
game-center,gc-activities,game_center_activities__get,Game Center aktivitesi · getir,getir,EVET,113,game_center_activities,game_center,game_center_activities.get,GET,/v1/gameCenterActivities/{id},Read one Game Center activity by ID.
game-center,gc-activities,game_center_activities__leaderboards_v2__add,Game Center aktivitesi → liderlik tablosu · ekle,ekle,HAYIR,65,game_center_activities,game_center,game_center_activities.leaderboards_v2.add,POST,/v1/gameCenterActivities/{id}/relationships/leaderboardsV2,Link leaderboards (v2) to a Game Center activity.
game-center,gc-activities,game_center_activities__leaderboards_v2__remove,Game Center aktivitesi → liderlik tablosu · çıkar,çıkar,HAYIR,67,game_center_activities,game_center,game_center_activities.leaderboards_v2.remove,DELETE,/v1/gameCenterActivities/{id}/relationships/leaderboardsV2,Unlink leaderboards (v2) from a Game Center activity.
game-center,gc-activities,game_center_activities__update,Game Center aktivitesi · güncelle,güncelle,HAYIR,57,game_center_activities,game_center,game_center_activities.update,PATCH,/v1/gameCenterActivities/{id},Update a Game Center activity.
game-center,gc-activities,game_center_activities__versions__list,Game Center aktivitesi → sürüm · listele,listele,EVET,124,game_center_activities,game_center,game_center_activities.versions.list,GET,/v1/gameCenterActivities/{id}/versions,List the versions belonging to a Game Center activity.
game-center,gc-activities,game_center_activity_images__create,aktivite görseli · oluştur,oluştur,HAYIR,59,game_center_activity_images,game_center,game_center_activity_images.create,POST,/v1/gameCenterActivityImages,Create a Game Center activity image.
game-center,gc-activities,game_center_activity_images__delete,aktivite görseli · sil,sil,HAYIR,60,game_center_activity_images,game_center,game_center_activity_images.delete,DELETE,/v1/gameCenterActivityImages/{id},Delete a Game Center activity image.
game-center,gc-activities,game_center_activity_images__get,aktivite görseli · getir,getir,EVET,61,game_center_activity_images,game_center,game_center_activity_images.get,GET,/v1/gameCenterActivityImages/{id},Read one Game Center activity image by ID.
game-center,gc-activities,game_center_activity_images__update,aktivite görseli · güncelle,güncelle,HAYIR,60,game_center_activity_images,game_center,game_center_activity_images.update,PATCH,/v1/gameCenterActivityImages/{id},Update a Game Center activity image.
game-center,gc-activities,game_center_activity_localizations__create,aktivite dil metni · oluştur,oluştur,HAYIR,62,game_center_activity_localizations,game_center,game_center_activity_localizations.create,POST,/v1/gameCenterActivityLocalizations,Create a Game Center activity localization.
game-center,gc-activities,game_center_activity_localizations__delete,aktivite dil metni · sil,sil,HAYIR,63,game_center_activity_localizations,game_center,game_center_activity_localizations.delete,DELETE,/v1/gameCenterActivityLocalizations/{id},Delete a Game Center activity localization.
game-center,gc-activities,game_center_activity_localizations__get,aktivite dil metni · getir,getir,EVET,95,game_center_activity_localizations,game_center,game_center_activity_localizations.get,GET,/v1/gameCenterActivityLocalizations/{id},Read one Game Center activity localization by ID.
game-center,gc-activities,game_center_activity_localizations__image__get,aktivite dil metni → görsel · getir,getir,EVET,67,game_center_activity_localizations,game_center,game_center_activity_localizations.image.get,GET,/v1/gameCenterActivityLocalizations/{id}/image,Read the image for a Game Center activity localization.
game-center,gc-activities,game_center_activity_localizations__update,aktivite dil metni · güncelle,güncelle,HAYIR,63,game_center_activity_localizations,game_center,game_center_activity_localizations.update,PATCH,/v1/gameCenterActivityLocalizations/{id},Update a Game Center activity localization.
game-center,gc-activities,game_center_activity_versions__create,aktivite sürümü · oluştur,oluştur,HAYIR,60,game_center_activity_versions,game_center,game_center_activity_versions.create,POST,/v1/gameCenterActivityVersions,Create a Game Center activity version.
game-center,gc-activities,game_center_activity_versions__default_image__get,aktivite sürümü → default image · getir,getir,EVET,69,game_center_activity_versions,game_center,game_center_activity_versions.default_image.get,GET,/v1/gameCenterActivityVersions/{id}/defaultImage,Read the default image for a Game Center activity version.
game-center,gc-activities,game_center_activity_versions__get,aktivite sürümü · getir,getir,EVET,102,game_center_activity_versions,game_center,game_center_activity_versions.get,GET,/v1/gameCenterActivityVersions/{id},Read one Game Center activity version by ID.
game-center,gc-activities,game_center_activity_versions__localizations__list,aktivite sürümü → dil metni · listele,listele,EVET,121,game_center_activity_versions,game_center,game_center_activity_versions.localizations.list,GET,/v1/gameCenterActivityVersions/{id}/localizations,List the localizations belonging to a Game Center activity version.
game-center,gc-activities,game_center_activity_versions__update,aktivite sürümü · güncelle,güncelle,HAYIR,61,game_center_activity_versions,game_center,game_center_activity_versions.update,PATCH,/v1/gameCenterActivityVersions/{id},Update a Game Center activity version.
game-center,gc-challenge,game_center_challenge_images__create,meydan okuma görseli · oluştur,oluştur,HAYIR,59,game_center_challenge_images,game_center,game_center_challenge_images.create,POST,/v1/gameCenterChallengeImages,Create a Game Center challenge image.
game-center,gc-challenge,game_center_challenge_images__delete,meydan okuma görseli · sil,sil,HAYIR,60,game_center_challenge_images,game_center,game_center_challenge_images.delete,DELETE,/v1/gameCenterChallengeImages/{id},Delete a Game Center challenge image.
game-center,gc-challenge,game_center_challenge_images__get,meydan okuma görseli · getir,getir,EVET,61,game_center_challenge_images,game_center,game_center_challenge_images.get,GET,/v1/gameCenterChallengeImages/{id},Read one Game Center challenge image by ID.
game-center,gc-challenge,game_center_challenge_images__update,meydan okuma görseli · güncelle,güncelle,HAYIR,60,game_center_challenge_images,game_center,game_center_challenge_images.update,PATCH,/v1/gameCenterChallengeImages/{id},Update a Game Center challenge image.
game-center,gc-challenge,game_center_challenge_localizations__create,meydan okuma dil metni · oluştur,oluştur,HAYIR,63,game_center_challenge_localizations,game_center,game_center_challenge_localizations.create,POST,/v1/gameCenterChallengeLocalizations,Create a Game Center challenge localization.
game-center,gc-challenge,game_center_challenge_localizations__delete,meydan okuma dil metni · sil,sil,HAYIR,64,game_center_challenge_localizations,game_center,game_center_challenge_localizations.delete,DELETE,/v1/gameCenterChallengeLocalizations/{id},Delete a Game Center challenge localization.
game-center,gc-challenge,game_center_challenge_localizations__get,meydan okuma dil metni · getir,getir,EVET,96,game_center_challenge_localizations,game_center,game_center_challenge_localizations.get,GET,/v1/gameCenterChallengeLocalizations/{id},Read one Game Center challenge localization by ID.
game-center,gc-challenge,game_center_challenge_localizations__image__get,meydan okuma dil metni → görsel · getir,getir,EVET,68,game_center_challenge_localizations,game_center,game_center_challenge_localizations.image.get,GET,/v1/gameCenterChallengeLocalizations/{id}/image,Read the image for a Game Center challenge localization.
game-center,gc-challenge,game_center_challenge_localizations__update,meydan okuma dil metni · güncelle,güncelle,HAYIR,64,game_center_challenge_localizations,game_center,game_center_challenge_localizations.update,PATCH,/v1/gameCenterChallengeLocalizations/{id},Update a Game Center challenge localization.
game-center,gc-challenge,game_center_challenge_versions__create,meydan okuma sürümü · oluştur,oluştur,HAYIR,60,game_center_challenge_versions,game_center,game_center_challenge_versions.create,POST,/v1/gameCenterChallengeVersions,Create a Game Center challenge version.
game-center,gc-challenge,game_center_challenge_versions__default_image__get,meydan okuma sürümü → default image · getir,getir,EVET,69,game_center_challenge_versions,game_center,game_center_challenge_versions.default_image.get,GET,/v1/gameCenterChallengeVersions/{id}/defaultImage,Read the default image for a Game Center challenge version.
game-center,gc-challenge,game_center_challenge_versions__get,meydan okuma sürümü · getir,getir,EVET,102,game_center_challenge_versions,game_center,game_center_challenge_versions.get,GET,/v1/gameCenterChallengeVersions/{id},Read one Game Center challenge version by ID.
game-center,gc-challenge,game_center_challenge_versions__localizations__list,meydan okuma sürümü → dil metni · listele,listele,EVET,122,game_center_challenge_versions,game_center,game_center_challenge_versions.localizations.list,GET,/v1/gameCenterChallengeVersions/{id}/localizations,List the localizations belonging to a Game Center challenge version.
game-center,gc-challenge,game_center_challenges__create,meydan okuma · oluştur,oluştur,HAYIR,56,game_center_challenges,game_center,game_center_challenges.create,POST,/v1/gameCenterChallenges,Create a Game Center challenge.
game-center,gc-challenge,game_center_challenges__delete,meydan okuma · sil,sil,HAYIR,57,game_center_challenges,game_center,game_center_challenges.delete,DELETE,/v1/gameCenterChallenges/{id},Delete a Game Center challenge.
game-center,gc-challenge,game_center_challenges__get,meydan okuma · getir,getir,EVET,104,game_center_challenges,game_center,game_center_challenges.get,GET,/v1/gameCenterChallenges/{id},Read one Game Center challenge by ID.
game-center,gc-challenge,game_center_challenges__leaderboard_v2__set,meydan okuma → liderlik tablosu · ata,ata,HAYIR,67,game_center_challenges,game_center,game_center_challenges.leaderboard_v2.set,PATCH,/v1/gameCenterChallenges/{id}/relationships/leaderboardV2,Set the leaderboard (v2) linked to a Game Center challenge.
game-center,gc-challenge,game_center_challenges__update,meydan okuma · güncelle,güncelle,HAYIR,57,game_center_challenges,game_center,game_center_challenges.update,PATCH,/v1/gameCenterChallenges/{id},Update a Game Center challenge.
game-center,gc-challenge,game_center_challenges__versions__list,meydan okuma → sürüm · listele,listele,EVET,124,game_center_challenges,game_center,game_center_challenges.versions.list,GET,/v1/gameCenterChallenges/{id}/versions,List the versions belonging to a Game Center challenge.
game-center,gc-default,app_store_versions__game_center_app_version__get,App Store sürümü → Game Center sürüm eşlemesi · getir,getir,EVET,106,app_store_versions,versions,app_store_versions.game_center_app_version.get,GET,/v1/appStoreVersions/{id}/gameCenterAppVersion,Read the Game Center app version for an App Store version.
game-center,gc-default,apps__game_center_detail__get,uygulama → Game Center ayarı · getir,getir,EVET,210,apps,apps,apps.game_center_detail.get,GET,/v1/apps/{id}/gameCenterDetail,Read the Game Center detail for an app.
game-center,gc-default,game_center_app_versions__app_store_version__get,Game Center sürüm eşlemesi → App Store sürümü · getir,getir,EVET,168,game_center_app_versions,game_center,game_center_app_versions.app_store_version.get,GET,/v1/gameCenterAppVersions/{id}/appStoreVersion,Read the App Store version for a Game Center app version.
game-center,gc-default,game_center_app_versions__compatibility_versions__add,Game Center sürüm eşlemesi → compatibility versions · ekle,ekle,HAYIR,69,game_center_app_versions,game_center,game_center_app_versions.compatibility_versions.add,POST,/v1/gameCenterAppVersions/{id}/relationships/compatibilityVersions,Link compatibility versions to a Game Center app version.
game-center,gc-default,game_center_app_versions__compatibility_versions__list,Game Center sürüm eşlemesi → compatibility versions · listele,listele,EVET,151,game_center_app_versions,game_center,game_center_app_versions.compatibility_versions.list,GET,/v1/gameCenterAppVersions/{id}/compatibilityVersions,List the compatibility versions belonging to a Game Center app version.
game-center,gc-default,game_center_app_versions__compatibility_versions__remove,Game Center sürüm eşlemesi → compatibility versions · çıkar,çıkar,HAYIR,71,game_center_app_versions,game_center,game_center_app_versions.compatibility_versions.remove,DELETE,/v1/gameCenterAppVersions/{id}/relationships/compatibilityVersions,Unlink compatibility versions from a Game Center app version.
game-center,gc-default,game_center_app_versions__create,Game Center sürüm eşlemesi · oluştur,oluştur,HAYIR,57,game_center_app_versions,game_center,game_center_app_versions.create,POST,/v1/gameCenterAppVersions,Create a Game Center app version.
game-center,gc-default,game_center_app_versions__get,Game Center sürüm eşlemesi · getir,getir,EVET,96,game_center_app_versions,game_center,game_center_app_versions.get,GET,/v1/gameCenterAppVersions/{id},Read one Game Center app version by ID.
game-center,gc-default,game_center_app_versions__update,Game Center sürüm eşlemesi · güncelle,güncelle,HAYIR,58,game_center_app_versions,game_center,game_center_app_versions.update,PATCH,/v1/gameCenterAppVersions/{id},Update a Game Center app version.
game-center,gc-default,game_center_player_achievement_submissions__create,oyuncu başarım gönderimi · oluştur,oluştur,HAYIR,66,game_center_player_achievement_submissions,game_center,game_center_player_achievement_submissions.create,POST,/v1/gameCenterPlayerAchievementSubmissions,Create a Game Center player achievement submission.
game-center,gc-details,game_center_details__challenges_minimum_platform_versions__replace,Game Center ayarı → challenges minimum platform versions · topluca değiştir,topluca değiştir,HAYIR,81,game_center_details,game_center,game_center_details.challenges_minimum_platform_versions.replace,PATCH,/v1/gameCenterDetails/{id}/relationships/challengesMinimumPlatformVersions,Replace the full set of challenges minimum platform versions linked to a Game Center detail.
game-center,gc-details,game_center_details__classic_matchmaking_requests__metrics,Game Center ayarı → klasik eşleştirme isteği · ölçüm getir,ölçüm getir,EVET,280,game_center_details,game_center,game_center_details.classic_matchmaking_requests.metrics,GET,/v1/gameCenterDetails/{id}/metrics/classicMatchmakingRequests,"Read classic matchmaking requests metrics for a Game Center detail. Returns aggregated time-series data, not individual records."
game-center,gc-details,game_center_details__create,Game Center ayarı · oluştur,oluştur,HAYIR,55,game_center_details,game_center,game_center_details.create,POST,/v1/gameCenterDetails,Create a Game Center detail.
game-center,gc-details,game_center_details__game_center_achievements_v2__list,Game Center ayarı → başarım · listele,listele,EVET,199,game_center_details,game_center,game_center_details.game_center_achievements_v2.list,GET,/v1/gameCenterDetails/{id}/gameCenterAchievementsV2,List the Game Center achievements (v2) belonging to a Game Center detail.
game-center,gc-details,game_center_details__game_center_achievements_v2__replace,Game Center ayarı → başarım · topluca değiştir,topluca değiştir,HAYIR,77,game_center_details,game_center,game_center_details.game_center_achievements_v2.replace,PATCH,/v1/gameCenterDetails/{id}/relationships/gameCenterAchievementsV2,Replace the full set of Game Center achievements (v2) linked to a Game Center detail.
game-center,gc-details,game_center_details__game_center_activities__list,Game Center ayarı → Game Center aktivitesi · listele,listele,EVET,144,game_center_details,game_center,game_center_details.game_center_activities.list,GET,/v1/gameCenterDetails/{id}/gameCenterActivities,List the Game Center activities belonging to a Game Center detail.
game-center,gc-details,game_center_details__game_center_app_versions__list,Game Center ayarı → Game Center sürüm eşlemesi · listele,listele,EVET,150,game_center_details,game_center,game_center_details.game_center_app_versions.list,GET,/v1/gameCenterDetails/{id}/gameCenterAppVersions,List the Game Center app versions belonging to a Game Center detail.
game-center,gc-details,game_center_details__game_center_challenges__list,Game Center ayarı → meydan okuma · listele,listele,EVET,201,game_center_details,game_center,game_center_details.game_center_challenges.list,GET,/v1/gameCenterDetails/{id}/gameCenterChallenges,List the Game Center challenges belonging to a Game Center detail.
game-center,gc-details,game_center_details__game_center_group__get,Game Center ayarı → Game Center grubu (uygulamalar arası paylaşım) · getir,getir,EVET,149,game_center_details,game_center,game_center_details.game_center_group.get,GET,/v1/gameCenterDetails/{id}/gameCenterGroup,Read the Game Center group for a Game Center detail.
game-center,gc-details,game_center_details__game_center_leaderboard_sets_v2__list,Game Center ayarı → liderlik tablosu seti · listele,listele,EVET,182,game_center_details,game_center,game_center_details.game_center_leaderboard_sets_v2.list,GET,/v1/gameCenterDetails/{id}/gameCenterLeaderboardSetsV2,List the Game Center leaderboard sets (v2) belonging to a Game Center detail.
game-center,gc-details,game_center_details__game_center_leaderboard_sets_v2__replace,Game Center ayarı → liderlik tablosu seti · topluca değiştir,topluca değiştir,HAYIR,79,game_center_details,game_center,game_center_details.game_center_leaderboard_sets_v2.replace,PATCH,/v1/gameCenterDetails/{id}/relationships/gameCenterLeaderboardSetsV2,Replace the full set of Game Center leaderboard sets (v2) linked to a Game Center detail.
game-center,gc-details,game_center_details__game_center_leaderboards_v2__list,Game Center ayarı → liderlik tablosu · listele,listele,EVET,209,game_center_details,game_center,game_center_details.game_center_leaderboards_v2.list,GET,/v1/gameCenterDetails/{id}/gameCenterLeaderboardsV2,List the Game Center leaderboards (v2) belonging to a Game Center detail.
game-center,gc-details,game_center_details__game_center_leaderboards_v2__replace,Game Center ayarı → liderlik tablosu · topluca değiştir,topluca değiştir,HAYIR,77,game_center_details,game_center,game_center_details.game_center_leaderboards_v2.replace,PATCH,/v1/gameCenterDetails/{id}/relationships/gameCenterLeaderboardsV2,Replace the full set of Game Center leaderboards (v2) linked to a Game Center detail.
game-center,gc-details,game_center_details__get,Game Center ayarı · getir,getir,EVET,208,game_center_details,game_center,game_center_details.get,GET,/v1/gameCenterDetails/{id},Read one Game Center detail by ID.
game-center,gc-details,game_center_details__rule_based_matchmaking_requests__metrics,Game Center ayarı → rule based matchmaking requests · ölçüm getir,ölçüm getir,EVET,281,game_center_details,game_center,game_center_details.rule_based_matchmaking_requests.metrics,GET,/v1/gameCenterDetails/{id}/metrics/ruleBasedMatchmakingRequests,"Read rule based matchmaking requests metrics for a Game Center detail. Returns aggregated time-series data, not individual records."
game-center,gc-details,game_center_details__update,Game Center ayarı · güncelle,güncelle,HAYIR,56,game_center_details,game_center,game_center_details.update,PATCH,/v1/gameCenterDetails/{id},Update a Game Center detail.
game-center,gc-groups,game_center_groups__create,Game Center grubu (uygulamalar arası paylaşım) · oluştur,oluştur,HAYIR,54,game_center_groups,game_center,game_center_groups.create,POST,/v1/gameCenterGroups,Create a Game Center group.
game-center,gc-groups,game_center_groups__delete,Game Center grubu (uygulamalar arası paylaşım) · sil,sil,HAYIR,55,game_center_groups,game_center,game_center_groups.delete,DELETE,/v1/gameCenterGroups/{id},Delete a Game Center group.
game-center,gc-groups,game_center_groups__game_center_achievements_v2__list,Game Center grubu (uygulamalar arası paylaşım) → başarım · listele,listele,EVET,198,game_center_groups,game_center,game_center_groups.game_center_achievements_v2.list,GET,/v1/gameCenterGroups/{id}/gameCenterAchievementsV2,List the Game Center achievements (v2) belonging to a Game Center group.
game-center,gc-groups,game_center_groups__game_center_achievements_v2__replace,Game Center grubu (uygulamalar arası paylaşım) → başarım · topluca değiştir,topluca değiştir,HAYIR,77,game_center_groups,game_center,game_center_groups.game_center_achievements_v2.replace,PATCH,/v1/gameCenterGroups/{id}/relationships/gameCenterAchievementsV2,Replace the full set of Game Center achievements (v2) linked to a Game Center group.
game-center,gc-groups,game_center_groups__game_center_activities__list,Game Center grubu (uygulamalar arası paylaşım) → Game Center aktivitesi · listele,listele,EVET,144,game_center_groups,game_center,game_center_groups.game_center_activities.list,GET,/v1/gameCenterGroups/{id}/gameCenterActivities,List the Game Center activities belonging to a Game Center group.
game-center,gc-groups,game_center_groups__game_center_challenges__list,Game Center grubu (uygulamalar arası paylaşım) → meydan okuma · listele,listele,EVET,200,game_center_groups,game_center,game_center_groups.game_center_challenges.list,GET,/v1/gameCenterGroups/{id}/gameCenterChallenges,List the Game Center challenges belonging to a Game Center group.
game-center,gc-groups,game_center_groups__game_center_details__list,Game Center grubu (uygulamalar arası paylaşım) → Game Center ayarı · listele,listele,EVET,272,game_center_groups,game_center,game_center_groups.game_center_details.list,GET,/v1/gameCenterGroups/{id}/gameCenterDetails,List the Game Center details belonging to a Game Center group.
game-center,gc-groups,game_center_groups__game_center_leaderboard_sets_v2__list,Game Center grubu (uygulamalar arası paylaşım) → liderlik tablosu seti · listele,listele,EVET,181,game_center_groups,game_center,game_center_groups.game_center_leaderboard_sets_v2.list,GET,/v1/gameCenterGroups/{id}/gameCenterLeaderboardSetsV2,List the Game Center leaderboard sets (v2) belonging to a Game Center group.
game-center,gc-groups,game_center_groups__game_center_leaderboard_sets_v2__replace,Game Center grubu (uygulamalar arası paylaşım) → liderlik tablosu seti · topluca değiştir,topluca değiştir,HAYIR,79,game_center_groups,game_center,game_center_groups.game_center_leaderboard_sets_v2.replace,PATCH,/v1/gameCenterGroups/{id}/relationships/gameCenterLeaderboardSetsV2,Replace the full set of Game Center leaderboard sets (v2) linked to a Game Center group.
game-center,gc-groups,game_center_groups__game_center_leaderboards_v2__list,Game Center grubu (uygulamalar arası paylaşım) → liderlik tablosu · listele,listele,EVET,208,game_center_groups,game_center,game_center_groups.game_center_leaderboards_v2.list,GET,/v1/gameCenterGroups/{id}/gameCenterLeaderboardsV2,List the Game Center leaderboards (v2) belonging to a Game Center group.
game-center,gc-groups,game_center_groups__game_center_leaderboards_v2__replace,Game Center grubu (uygulamalar arası paylaşım) → liderlik tablosu · topluca değiştir,topluca değiştir,HAYIR,77,game_center_groups,game_center,game_center_groups.game_center_leaderboards_v2.replace,PATCH,/v1/gameCenterGroups/{id}/relationships/gameCenterLeaderboardsV2,Replace the full set of Game Center leaderboards (v2) linked to a Game Center group.
game-center,gc-groups,game_center_groups__get,Game Center grubu (uygulamalar arası paylaşım) · getir,getir,EVET,140,game_center_groups,game_center,game_center_groups.get,GET,/v1/gameCenterGroups/{id},Read one Game Center group by ID.
game-center,gc-groups,game_center_groups__list,Game Center grubu (uygulamalar arası paylaşım) · listele,listele,EVET,185,game_center_groups,game_center,game_center_groups.list,GET,/v1/gameCenterGroups,List Game Center groups.
game-center,gc-groups,game_center_groups__update,Game Center grubu (uygulamalar arası paylaşım) · güncelle,güncelle,HAYIR,55,game_center_groups,game_center,game_center_groups.update,PATCH,/v1/gameCenterGroups/{id},Update a Game Center group.
game-center,gc-leaderboard,game_center_leaderboard_entry_submissions__create,skor gönderimi · oluştur,oluştur,HAYIR,66,game_center_leaderboard_entry_submissions,game_center,game_center_leaderboard_entry_submissions.create,POST,/v1/gameCenterLeaderboardEntrySubmissions,Create a Game Center leaderboard entry submission.
game-center,gc-leaderboard,game_center_leaderboard_images_v2__create,liderlik tablosu görseli · oluştur,oluştur,HAYIR,63,game_center_leaderboard_images_v2,game_center,game_center_leaderboard_images_v2.create,POST,/v2/gameCenterLeaderboardImages,Create a Game Center leaderboard images (v2).
game-center,gc-leaderboard,game_center_leaderboard_images_v2__delete,liderlik tablosu görseli · sil,sil,HAYIR,64,game_center_leaderboard_images_v2,game_center,game_center_leaderboard_images_v2.delete,DELETE,/v2/gameCenterLeaderboardImages/{id},Delete a Game Center leaderboard images (v2).
game-center,gc-leaderboard,game_center_leaderboard_images_v2__get,liderlik tablosu görseli · getir,getir,EVET,95,game_center_leaderboard_images_v2,game_center,game_center_leaderboard_images_v2.get,GET,/v2/gameCenterLeaderboardImages/{id},Read one Game Center leaderboard images (v2) by ID.
game-center,gc-leaderboard,game_center_leaderboard_images_v2__update,liderlik tablosu görseli · güncelle,güncelle,HAYIR,64,game_center_leaderboard_images_v2,game_center,game_center_leaderboard_images_v2.update,PATCH,/v2/gameCenterLeaderboardImages/{id},Update a Game Center leaderboard images (v2).
game-center,gc-leaderboard,game_center_leaderboard_localizations_v2__create,liderlik tablosu dil metni · oluştur,oluştur,HAYIR,66,game_center_leaderboard_localizations_v2,game_center,game_center_leaderboard_localizations_v2.create,POST,/v2/gameCenterLeaderboardLocalizations,Create a Game Center leaderboard localizations (v2).
game-center,gc-leaderboard,game_center_leaderboard_localizations_v2__delete,liderlik tablosu dil metni · sil,sil,HAYIR,67,game_center_leaderboard_localizations_v2,game_center,game_center_leaderboard_localizations_v2.delete,DELETE,/v2/gameCenterLeaderboardLocalizations/{id},Delete a Game Center leaderboard localizations (v2).
game-center,gc-leaderboard,game_center_leaderboard_localizations_v2__get,liderlik tablosu dil metni · getir,getir,EVET,99,game_center_leaderboard_localizations_v2,game_center,game_center_leaderboard_localizations_v2.get,GET,/v2/gameCenterLeaderboardLocalizations/{id},Read one Game Center leaderboard localizations (v2) by ID.
game-center,gc-leaderboard,game_center_leaderboard_localizations_v2__image__get,liderlik tablosu dil metni → görsel · getir,getir,EVET,101,game_center_leaderboard_localizations_v2,game_center,game_center_leaderboard_localizations_v2.image.get,GET,/v2/gameCenterLeaderboardLocalizations/{id}/image,Read the image for a Game Center leaderboard localizations (v2).
game-center,gc-leaderboard,game_center_leaderboard_localizations_v2__update,liderlik tablosu dil metni · güncelle,güncelle,HAYIR,67,game_center_leaderboard_localizations_v2,game_center,game_center_leaderboard_localizations_v2.update,PATCH,/v2/gameCenterLeaderboardLocalizations/{id},Update a Game Center leaderboard localizations (v2).
game-center,gc-leaderboard,game_center_leaderboard_set_images_v2__create,liderlik seti görseli · oluştur,oluştur,HAYIR,65,game_center_leaderboard_set_images_v2,game_center,game_center_leaderboard_set_images_v2.create,POST,/v2/gameCenterLeaderboardSetImages,Create a Game Center leaderboard set images (v2).
game-center,gc-leaderboard,game_center_leaderboard_set_images_v2__delete,liderlik seti görseli · sil,sil,HAYIR,66,game_center_leaderboard_set_images_v2,game_center,game_center_leaderboard_set_images_v2.delete,DELETE,/v2/gameCenterLeaderboardSetImages/{id},Delete a Game Center leaderboard set images (v2).
game-center,gc-leaderboard,game_center_leaderboard_set_images_v2__get,liderlik seti görseli · getir,getir,EVET,97,game_center_leaderboard_set_images_v2,game_center,game_center_leaderboard_set_images_v2.get,GET,/v2/gameCenterLeaderboardSetImages/{id},Read one Game Center leaderboard set images (v2) by ID.
game-center,gc-leaderboard,game_center_leaderboard_set_images_v2__update,liderlik seti görseli · güncelle,güncelle,HAYIR,66,game_center_leaderboard_set_images_v2,game_center,game_center_leaderboard_set_images_v2.update,PATCH,/v2/gameCenterLeaderboardSetImages/{id},Update a Game Center leaderboard set images (v2).
game-center,gc-leaderboard,game_center_leaderboard_set_localizations_v2__create,liderlik seti dil metni · oluştur,oluştur,HAYIR,68,game_center_leaderboard_set_localizations_v2,game_center,game_center_leaderboard_set_localizations_v2.create,POST,/v2/gameCenterLeaderboardSetLocalizations,Create a Game Center leaderboard set localizations (v2).
game-center,gc-leaderboard,game_center_leaderboard_set_localizations_v2__delete,liderlik seti dil metni · sil,sil,HAYIR,69,game_center_leaderboard_set_localizations_v2,game_center,game_center_leaderboard_set_localizations_v2.delete,DELETE,/v2/gameCenterLeaderboardSetLocalizations/{id},Delete a Game Center leaderboard set localizations (v2).
game-center,gc-leaderboard,game_center_leaderboard_set_localizations_v2__get,liderlik seti dil metni · getir,getir,EVET,101,game_center_leaderboard_set_localizations_v2,game_center,game_center_leaderboard_set_localizations_v2.get,GET,/v2/gameCenterLeaderboardSetLocalizations/{id},Read one Game Center leaderboard set localizations (v2) by ID.
game-center,gc-leaderboard,game_center_leaderboard_set_localizations_v2__image__get,liderlik seti dil metni → görsel · getir,getir,EVET,103,game_center_leaderboard_set_localizations_v2,game_center,game_center_leaderboard_set_localizations_v2.image.get,GET,/v2/gameCenterLeaderboardSetLocalizations/{id}/image,Read the image for a Game Center leaderboard set localizations (v2).
game-center,gc-leaderboard,game_center_leaderboard_set_localizations_v2__update,liderlik seti dil metni · güncelle,güncelle,HAYIR,69,game_center_leaderboard_set_localizations_v2,game_center,game_center_leaderboard_set_localizations_v2.update,PATCH,/v2/gameCenterLeaderboardSetLocalizations/{id},Update a Game Center leaderboard set localizations (v2).
game-center,gc-leaderboard,game_center_leaderboard_set_member_localizations__create,liderlik seti üye dil metni · oluştur,oluştur,HAYIR,69,game_center_leaderboard_set_member_localizations,game_center,game_center_leaderboard_set_member_localizations.create,POST,/v1/gameCenterLeaderboardSetMemberLocalizations,Create a Game Center leaderboard set member localization.
game-center,gc-leaderboard,game_center_leaderboard_set_member_localizations__delete,liderlik seti üye dil metni · sil,sil,HAYIR,70,game_center_leaderboard_set_member_localizations,game_center,game_center_leaderboard_set_member_localizations.delete,DELETE,/v1/gameCenterLeaderboardSetMemberLocalizations/{id},Delete a Game Center leaderboard set member localization.
game-center,gc-leaderboard,game_center_leaderboard_set_member_localizations__list,liderlik seti üye dil metni · listele,listele,EVET,198,game_center_leaderboard_set_member_localizations,game_center,game_center_leaderboard_set_member_localizations.list,GET,/v1/gameCenterLeaderboardSetMemberLocalizations,List Game Center leaderboard set member localizations.
game-center,gc-leaderboard,game_center_leaderboard_set_member_localizations__update,liderlik seti üye dil metni · güncelle,güncelle,HAYIR,70,game_center_leaderboard_set_member_localizations,game_center,game_center_leaderboard_set_member_localizations.update,PATCH,/v1/gameCenterLeaderboardSetMemberLocalizations/{id},Update a Game Center leaderboard set member localization.
game-center,gc-leaderboard,game_center_leaderboard_set_versions_v2__create,game center leaderboard set versions · oluştur,oluştur,HAYIR,66,game_center_leaderboard_set_versions_v2,game_center,game_center_leaderboard_set_versions_v2.create,POST,/v2/gameCenterLeaderboardSetVersions,Create a Game Center leaderboard set versions (v2).
game-center,gc-leaderboard,game_center_leaderboard_set_versions_v2__get,game center leaderboard set versions · getir,getir,EVET,102,game_center_leaderboard_set_versions_v2,game_center,game_center_leaderboard_set_versions_v2.get,GET,/v2/gameCenterLeaderboardSetVersions/{id},Read one Game Center leaderboard set versions (v2) by ID.
game-center,gc-leaderboard,game_center_leaderboard_set_versions_v2__localizations__list,game center leaderboard set versions → dil metni · listele,listele,EVET,127,game_center_leaderboard_set_versions_v2,game_center,game_center_leaderboard_set_versions_v2.localizations.list,GET,/v2/gameCenterLeaderboardSetVersions/{id}/localizations,List the localizations belonging to a Game Center leaderboard set versions (v2).
game-center,gc-leaderboard,game_center_leaderboard_sets_v2__create,liderlik tablosu seti · oluştur,oluştur,HAYIR,62,game_center_leaderboard_sets_v2,game_center,game_center_leaderboard_sets_v2.create,POST,/v2/gameCenterLeaderboardSets,Create a Game Center leaderboard sets (v2).
game-center,gc-leaderboard,game_center_leaderboard_sets_v2__delete,liderlik tablosu seti · sil,sil,HAYIR,63,game_center_leaderboard_sets_v2,game_center,game_center_leaderboard_sets_v2.delete,DELETE,/v2/gameCenterLeaderboardSets/{id},Delete a Game Center leaderboard sets (v2).
game-center,gc-leaderboard,game_center_leaderboard_sets_v2__game_center_leaderboards__add,liderlik tablosu seti → liderlik tablosu · ekle,ekle,HAYIR,75,game_center_leaderboard_sets_v2,game_center,game_center_leaderboard_sets_v2.game_center_leaderboards.add,POST,/v2/gameCenterLeaderboardSets/{id}/relationships/gameCenterLeaderboards,Link Game Center leaderboards to a Game Center leaderboard sets (v2).
game-center,gc-leaderboard,game_center_leaderboard_sets_v2__game_center_leaderboards__list,liderlik tablosu seti → liderlik tablosu · listele,listele,EVET,214,game_center_leaderboard_sets_v2,game_center,game_center_leaderboard_sets_v2.game_center_leaderboards.list,GET,/v2/gameCenterLeaderboardSets/{id}/gameCenterLeaderboards,List the Game Center leaderboards belonging to a Game Center leaderboard sets (v2).
game-center,gc-leaderboard,game_center_leaderboard_sets_v2__game_center_leaderboards__remove,liderlik tablosu seti → liderlik tablosu · çıkar,çıkar,HAYIR,76,game_center_leaderboard_sets_v2,game_center,game_center_leaderboard_sets_v2.game_center_leaderboards.remove,DELETE,/v2/gameCenterLeaderboardSets/{id}/relationships/gameCenterLeaderboards,Unlink Game Center leaderboards from a Game Center leaderboard sets (v2).
game-center,gc-leaderboard,game_center_leaderboard_sets_v2__game_center_leaderboards__replace,liderlik tablosu seti → liderlik tablosu · topluca değiştir,topluca değiştir,HAYIR,82,game_center_leaderboard_sets_v2,game_center,game_center_leaderboard_sets_v2.game_center_leaderboards.replace,PATCH,/v2/gameCenterLeaderboardSets/{id}/relationships/gameCenterLeaderboards,Replace the full set of Game Center leaderboards linked to a Game Center leaderboard sets (v2).
game-center,gc-leaderboard,game_center_leaderboard_sets_v2__get,liderlik tablosu seti · getir,getir,EVET,108,game_center_leaderboard_sets_v2,game_center,game_center_leaderboard_sets_v2.get,GET,/v2/gameCenterLeaderboardSets/{id},Read one Game Center leaderboard sets (v2) by ID.
game-center,gc-leaderboard,game_center_leaderboard_sets_v2__update,liderlik tablosu seti · güncelle,güncelle,HAYIR,63,game_center_leaderboard_sets_v2,game_center,game_center_leaderboard_sets_v2.update,PATCH,/v2/gameCenterLeaderboardSets/{id},Update a Game Center leaderboard sets (v2).
game-center,gc-leaderboard,game_center_leaderboard_sets_v2__versions__list,liderlik tablosu seti → sürüm · listele,listele,EVET,124,game_center_leaderboard_sets_v2,game_center,game_center_leaderboard_sets_v2.versions.list,GET,/v2/gameCenterLeaderboardSets/{id}/versions,List the versions belonging to a Game Center leaderboard sets (v2).
game-center,gc-leaderboard,game_center_leaderboard_versions_v2__create,game center leaderboard versions · oluştur,oluştur,HAYIR,64,game_center_leaderboard_versions_v2,game_center,game_center_leaderboard_versions_v2.create,POST,/v2/gameCenterLeaderboardVersions,Create a Game Center leaderboard versions (v2).
game-center,gc-leaderboard,game_center_leaderboard_versions_v2__get,game center leaderboard versions · getir,getir,EVET,100,game_center_leaderboard_versions_v2,game_center,game_center_leaderboard_versions_v2.get,GET,/v2/gameCenterLeaderboardVersions/{id},Read one Game Center leaderboard versions (v2) by ID.
game-center,gc-leaderboard,game_center_leaderboard_versions_v2__localizations__list,game center leaderboard versions → dil metni · listele,listele,EVET,125,game_center_leaderboard_versions_v2,game_center,game_center_leaderboard_versions_v2.localizations.list,GET,/v2/gameCenterLeaderboardVersions/{id}/localizations,List the localizations belonging to a Game Center leaderboard versions (v2).
game-center,gc-leaderboard,game_center_leaderboards_v2__activity__set,liderlik tablosu → aktivite · ata,ata,HAYIR,67,game_center_leaderboards_v2,game_center,game_center_leaderboards_v2.activity.set,PATCH,/v2/gameCenterLeaderboards/{id}/relationships/activity,Set the activity linked to a Game Center leaderboards (v2).
game-center,gc-leaderboard,game_center_leaderboards_v2__challenge__set,liderlik tablosu → meydan okuma · ata,ata,HAYIR,68,game_center_leaderboards_v2,game_center,game_center_leaderboards_v2.challenge.set,PATCH,/v2/gameCenterLeaderboards/{id}/relationships/challenge,Set the challenge linked to a Game Center leaderboards (v2).
game-center,gc-leaderboard,game_center_leaderboards_v2__create,liderlik tablosu · oluştur,oluştur,HAYIR,60,game_center_leaderboards_v2,game_center,game_center_leaderboards_v2.create,POST,/v2/gameCenterLeaderboards,Create a Game Center leaderboards (v2).
game-center,gc-leaderboard,game_center_leaderboards_v2__delete,liderlik tablosu · sil,sil,HAYIR,61,game_center_leaderboards_v2,game_center,game_center_leaderboards_v2.delete,DELETE,/v2/gameCenterLeaderboards/{id},Delete a Game Center leaderboards (v2).
game-center,gc-leaderboard,game_center_leaderboards_v2__get,liderlik tablosu · getir,getir,EVET,113,game_center_leaderboards_v2,game_center,game_center_leaderboards_v2.get,GET,/v2/gameCenterLeaderboards/{id},Read one Game Center leaderboards (v2) by ID.
game-center,gc-leaderboard,game_center_leaderboards_v2__update,liderlik tablosu · güncelle,güncelle,HAYIR,61,game_center_leaderboards_v2,game_center,game_center_leaderboards_v2.update,PATCH,/v2/gameCenterLeaderboards/{id},Update a Game Center leaderboards (v2).
game-center,gc-leaderboard,game_center_leaderboards_v2__versions__list,liderlik tablosu → sürüm · listele,listele,EVET,122,game_center_leaderboards_v2,game_center,game_center_leaderboards_v2.versions.list,GET,/v2/gameCenterLeaderboards/{id}/versions,List the versions belonging to a Game Center leaderboards (v2).
game-center,gc-matchmaking,game_center_matchmaking_queues__create,eşleştirme kuyruğu · oluştur,oluştur,HAYIR,60,game_center_matchmaking_queues,game_center,game_center_matchmaking_queues.create,POST,/v1/gameCenterMatchmakingQueues,Create a Game Center matchmaking queue.
game-center,gc-matchmaking,game_center_matchmaking_queues__delete,eşleştirme kuyruğu · sil,sil,HAYIR,61,game_center_matchmaking_queues,game_center,game_center_matchmaking_queues.delete,DELETE,/v1/gameCenterMatchmakingQueues/{id},Delete a Game Center matchmaking queue.
game-center,gc-matchmaking,game_center_matchmaking_queues__experiment_matchmaking_queue_sizes__metrics,eşleştirme kuyruğu → experiment matchmaking queue sizes · ölçüm getir,ölçüm getir,EVET,229,game_center_matchmaking_queues,game_center,game_center_matchmaking_queues.experiment_matchmaking_queue_sizes.metrics,GET,/v1/gameCenterMatchmakingQueues/{id}/metrics/experimentMatchmakingQueueSizes,"Read experiment matchmaking queue sizes metrics for a Game Center matchmaking queue. Returns aggregated time-series data, not individual records."
game-center,gc-matchmaking,game_center_matchmaking_queues__experiment_matchmaking_requests__metrics,eşleştirme kuyruğu → experiment matchmaking requests · ölçüm getir,ölçüm getir,EVET,321,game_center_matchmaking_queues,game_center,game_center_matchmaking_queues.experiment_matchmaking_requests.metrics,GET,/v1/gameCenterMatchmakingQueues/{id}/metrics/experimentMatchmakingRequests,"Read experiment matchmaking requests metrics for a Game Center matchmaking queue. Returns aggregated time-series data, not individual records."
game-center,gc-matchmaking,game_center_matchmaking_queues__get,eşleştirme kuyruğu · getir,getir,EVET,96,game_center_matchmaking_queues,game_center,game_center_matchmaking_queues.get,GET,/v1/gameCenterMatchmakingQueues/{id},Read one Game Center matchmaking queue by ID.
game-center,gc-matchmaking,game_center_matchmaking_queues__list,eşleştirme kuyruğu · listele,listele,EVET,112,game_center_matchmaking_queues,game_center,game_center_matchmaking_queues.list,GET,/v1/gameCenterMatchmakingQueues,List Game Center matchmaking queues.
game-center,gc-matchmaking,game_center_matchmaking_queues__matchmaking_queue_sizes__metrics,eşleştirme kuyruğu → matchmaking queue sizes · ölçüm getir,ölçüm getir,EVET,223,game_center_matchmaking_queues,game_center,game_center_matchmaking_queues.matchmaking_queue_sizes.metrics,GET,/v1/gameCenterMatchmakingQueues/{id}/metrics/matchmakingQueueSizes,"Read matchmaking queue sizes metrics for a Game Center matchmaking queue. Returns aggregated time-series data, not individual records."
game-center,gc-matchmaking,game_center_matchmaking_queues__matchmaking_requests__metrics,eşleştirme kuyruğu → matchmaking requests · ölçüm getir,ölçüm getir,EVET,316,game_center_matchmaking_queues,game_center,game_center_matchmaking_queues.matchmaking_requests.metrics,GET,/v1/gameCenterMatchmakingQueues/{id}/metrics/matchmakingRequests,"Read matchmaking requests metrics for a Game Center matchmaking queue. Returns aggregated time-series data, not individual records."
game-center,gc-matchmaking,game_center_matchmaking_queues__matchmaking_sessions__metrics,eşleştirme kuyruğu → matchmaking sessions · ölçüm getir,ölçüm getir,EVET,214,game_center_matchmaking_queues,game_center,game_center_matchmaking_queues.matchmaking_sessions.metrics,GET,/v1/gameCenterMatchmakingQueues/{id}/metrics/matchmakingSessions,"Read matchmaking sessions metrics for a Game Center matchmaking queue. Returns aggregated time-series data, not individual records."
game-center,gc-matchmaking,game_center_matchmaking_queues__update,eşleştirme kuyruğu · güncelle,güncelle,HAYIR,61,game_center_matchmaking_queues,game_center,game_center_matchmaking_queues.update,PATCH,/v1/gameCenterMatchmakingQueues/{id},Update a Game Center matchmaking queue.
game-center,gc-matchmaking,game_center_matchmaking_rule_set_tests__create,game center matchmaking rule set tests · oluştur,oluştur,HAYIR,64,game_center_matchmaking_rule_set_tests,game_center,game_center_matchmaking_rule_set_tests.create,POST,/v1/gameCenterMatchmakingRuleSetTests,Create a Game Center matchmaking rule set test.
game-center,gc-matchmaking,game_center_matchmaking_rule_sets__create,eşleştirme kural seti · oluştur,oluştur,HAYIR,62,game_center_matchmaking_rule_sets,game_center,game_center_matchmaking_rule_sets.create,POST,/v1/gameCenterMatchmakingRuleSets,Create a Game Center matchmaking rule set.
game-center,gc-matchmaking,game_center_matchmaking_rule_sets__delete,eşleştirme kural seti · sil,sil,HAYIR,63,game_center_matchmaking_rule_sets,game_center,game_center_matchmaking_rule_sets.delete,DELETE,/v1/gameCenterMatchmakingRuleSets/{id},Delete a Game Center matchmaking rule set.
game-center,gc-matchmaking,game_center_matchmaking_rule_sets__get,eşleştirme kural seti · getir,getir,EVET,99,game_center_matchmaking_rule_sets,game_center,game_center_matchmaking_rule_sets.get,GET,/v1/gameCenterMatchmakingRuleSets/{id},Read one Game Center matchmaking rule set by ID.
game-center,gc-matchmaking,game_center_matchmaking_rule_sets__list,eşleştirme kural seti · listele,listele,EVET,115,game_center_matchmaking_rule_sets,game_center,game_center_matchmaking_rule_sets.list,GET,/v1/gameCenterMatchmakingRuleSets,List Game Center matchmaking rule sets.
game-center,gc-matchmaking,game_center_matchmaking_rule_sets__matchmaking_queues__list,eşleştirme kural seti → matchmaking queues · listele,listele,EVET,129,game_center_matchmaking_rule_sets,game_center,game_center_matchmaking_rule_sets.matchmaking_queues.list,GET,/v1/gameCenterMatchmakingRuleSets/{id}/matchmakingQueues,List the matchmaking queues belonging to a Game Center matchmaking rule set.
game-center,gc-matchmaking,game_center_matchmaking_rule_sets__rules__list,eşleştirme kural seti → rules · listele,listele,EVET,88,game_center_matchmaking_rule_sets,game_center,game_center_matchmaking_rule_sets.rules.list,GET,/v1/gameCenterMatchmakingRuleSets/{id}/rules,List the rules belonging to a Game Center matchmaking rule set.
game-center,gc-matchmaking,game_center_matchmaking_rule_sets__teams__list,eşleştirme kural seti → teams · listele,listele,EVET,88,game_center_matchmaking_rule_sets,game_center,game_center_matchmaking_rule_sets.teams.list,GET,/v1/gameCenterMatchmakingRuleSets/{id}/teams,List the teams belonging to a Game Center matchmaking rule set.
game-center,gc-matchmaking,game_center_matchmaking_rule_sets__update,eşleştirme kural seti · güncelle,güncelle,HAYIR,63,game_center_matchmaking_rule_sets,game_center,game_center_matchmaking_rule_sets.update,PATCH,/v1/gameCenterMatchmakingRuleSets/{id},Update a Game Center matchmaking rule set.
game-center,gc-matchmaking,game_center_matchmaking_rules__create,eşleştirme kuralı · oluştur,oluştur,HAYIR,60,game_center_matchmaking_rules,game_center,game_center_matchmaking_rules.create,POST,/v1/gameCenterMatchmakingRules,Create a Game Center matchmaking rule.
game-center,gc-matchmaking,game_center_matchmaking_rules__delete,eşleştirme kuralı · sil,sil,HAYIR,61,game_center_matchmaking_rules,game_center,game_center_matchmaking_rules.delete,DELETE,/v1/gameCenterMatchmakingRules/{id},Delete a Game Center matchmaking rule.
game-center,gc-matchmaking,game_center_matchmaking_rules__matchmaking_boolean_rule_results__metrics,eşleştirme kuralı → matchmaking boolean rule results · ölçüm getir,ölçüm getir,EVET,286,game_center_matchmaking_rules,game_center,game_center_matchmaking_rules.matchmaking_boolean_rule_results.metrics,GET,/v1/gameCenterMatchmakingRules/{id}/metrics/matchmakingBooleanRuleResults,"Read matchmaking boolean rule results metrics for a Game Center matchmaking rule. Returns aggregated time-series data, not individual records."
game-center,gc-matchmaking,game_center_matchmaking_rules__matchmaking_number_rule_results__metrics,eşleştirme kuralı → matchmaking number rule results · ölçüm getir,ölçüm getir,EVET,280,game_center_matchmaking_rules,game_center,game_center_matchmaking_rules.matchmaking_number_rule_results.metrics,GET,/v1/gameCenterMatchmakingRules/{id}/metrics/matchmakingNumberRuleResults,"Read matchmaking number rule results metrics for a Game Center matchmaking rule. Returns aggregated time-series data, not individual records."
game-center,gc-matchmaking,game_center_matchmaking_rules__matchmaking_rule_errors__metrics,eşleştirme kuralı → matchmaking rule errors · ölçüm getir,ölçüm getir,EVET,255,game_center_matchmaking_rules,game_center,game_center_matchmaking_rules.matchmaking_rule_errors.metrics,GET,/v1/gameCenterMatchmakingRules/{id}/metrics/matchmakingRuleErrors,"Read matchmaking rule errors metrics for a Game Center matchmaking rule. Returns aggregated time-series data, not individual records."
game-center,gc-matchmaking,game_center_matchmaking_rules__update,eşleştirme kuralı · güncelle,güncelle,HAYIR,61,game_center_matchmaking_rules,game_center,game_center_matchmaking_rules.update,PATCH,/v1/gameCenterMatchmakingRules/{id},Update a Game Center matchmaking rule.
game-center,gc-matchmaking,game_center_matchmaking_teams__create,eşleştirme takımı · oluştur,oluştur,HAYIR,60,game_center_matchmaking_teams,game_center,game_center_matchmaking_teams.create,POST,/v1/gameCenterMatchmakingTeams,Create a Game Center matchmaking team.
game-center,gc-matchmaking,game_center_matchmaking_teams__delete,eşleştirme takımı · sil,sil,HAYIR,61,game_center_matchmaking_teams,game_center,game_center_matchmaking_teams.delete,DELETE,/v1/gameCenterMatchmakingTeams/{id},Delete a Game Center matchmaking team.
game-center,gc-matchmaking,game_center_matchmaking_teams__update,eşleştirme takımı · güncelle,güncelle,HAYIR,61,game_center_matchmaking_teams,game_center,game_center_matchmaking_teams.update,PATCH,/v1/gameCenterMatchmakingTeams/{id},Update a Game Center matchmaking team.
core,,apps__app_encryption_declarations__list,uygulama → şifreleme beyanı · listele,listele,EVET,181,apps,apps,apps.app_encryption_declarations.list,GET,/v1/apps/{id}/appEncryptionDeclarations,List the app encryption declarations belonging to an app.
core,,apps__app_store_versions__list,uygulama → App Store sürümü · listele,listele,EVET,518,apps,apps,apps.app_store_versions.list,GET,/v1/apps/{id}/appStoreVersions,"List App Store versions for an app, with their review state (e.g. PREPARE_FOR_SUBMISSION, WAITING_FOR_REVIEW, READY_FOR_SALE)."
core,,apps__beta_groups__list,uygulama → beta grubu · listele,listele,EVET,77,apps,apps,apps.beta_groups.list,GET,/v1/apps/{id}/betaGroups,List the beta groups belonging to an app.
core,,apps__builds__list,uygulama → build · listele,listele,EVET,84,apps,apps,apps.builds.list,GET,/v1/apps/{id}/builds,"List builds uploaded for an app, newest first when sorted by -uploadedDate."
core,,apps__get,uygulama · getir,getir,EVET,213,apps,apps,apps.get,GET,/v1/apps/{id},"Read one app by ID, including bundle ID, SKU and primary locale."
core,,apps__list,uygulama · listele,listele,EVET,833,apps,apps,apps.list,GET,/v1/apps,List all apps in your App Store Connect account. Start here when you need an app ID.
core,,asc__discover_domains,domainleri listele,getir,EVET,60,(makro),meta,(elle yazılmış),-,-,
core,,asc__search_tools,yüklü olmayanlar dahil araç ara,getir,EVET,60,(makro),meta,(elle yazılmış),-,-,
core,,asc__status,bağlantı/kimlik durumu,getir,EVET,60,(makro),meta,(elle yazılmış),-,-,
marketing,app-event,app_event_localizations__app_event_screenshots__list,etkinlik dil metni → etkinlik ekran görüntüsü · listele,listele,EVET,124,app_event_localizations,marketing,app_event_localizations.app_event_screenshots.list,GET,/v1/appEventLocalizations/{id}/appEventScreenshots,List the app event screenshots belonging to an app event localization.
marketing,app-event,app_event_localizations__app_event_video_clips__list,etkinlik dil metni → etkinlik videosu · listele,listele,EVET,124,app_event_localizations,marketing,app_event_localizations.app_event_video_clips.list,GET,/v1/appEventLocalizations/{id}/appEventVideoClips,List the app event video clips belonging to an app event localization.
marketing,app-event,app_event_localizations__create,etkinlik dil metni · oluştur,oluştur,HAYIR,57,app_event_localizations,marketing,app_event_localizations.create,POST,/v1/appEventLocalizations,Create an app event localization.
marketing,app-event,app_event_localizations__delete,etkinlik dil metni · sil,sil,HAYIR,58,app_event_localizations,marketing,app_event_localizations.delete,DELETE,/v1/appEventLocalizations/{id},Delete an app event localization.
marketing,app-event,app_event_localizations__get,etkinlik dil metni · getir,getir,EVET,99,app_event_localizations,marketing,app_event_localizations.get,GET,/v1/appEventLocalizations/{id},Read one app event localization by ID.
marketing,app-event,app_event_localizations__update,etkinlik dil metni · güncelle,güncelle,HAYIR,58,app_event_localizations,marketing,app_event_localizations.update,PATCH,/v1/appEventLocalizations/{id},Update an app event localization.
marketing,app-event,app_event_screenshots__create,etkinlik ekran görüntüsü · oluştur,oluştur,HAYIR,56,app_event_screenshots,marketing,app_event_screenshots.create,POST,/v1/appEventScreenshots,Create an app event screenshot.
marketing,app-event,app_event_screenshots__delete,etkinlik ekran görüntüsü · sil,sil,HAYIR,57,app_event_screenshots,marketing,app_event_screenshots.delete,DELETE,/v1/appEventScreenshots/{id},Delete an app event screenshot.
marketing,app-event,app_event_screenshots__get,etkinlik ekran görüntüsü · getir,getir,EVET,90,app_event_screenshots,marketing,app_event_screenshots.get,GET,/v1/appEventScreenshots/{id},Read one app event screenshot by ID.
marketing,app-event,app_event_screenshots__update,etkinlik ekran görüntüsü · güncelle,güncelle,HAYIR,57,app_event_screenshots,marketing,app_event_screenshots.update,PATCH,/v1/appEventScreenshots/{id},Update an app event screenshot.
marketing,app-event,app_event_video_clips__create,etkinlik videosu · oluştur,oluştur,HAYIR,56,app_event_video_clips,marketing,app_event_video_clips.create,POST,/v1/appEventVideoClips,Create an app event video clip.
marketing,app-event,app_event_video_clips__delete,etkinlik videosu · sil,sil,HAYIR,57,app_event_video_clips,marketing,app_event_video_clips.delete,DELETE,/v1/appEventVideoClips/{id},Delete an app event video clip.
marketing,app-event,app_event_video_clips__get,etkinlik videosu · getir,getir,EVET,90,app_event_video_clips,marketing,app_event_video_clips.get,GET,/v1/appEventVideoClips/{id},Read one app event video clip by ID.
marketing,app-event,app_event_video_clips__update,etkinlik videosu · güncelle,güncelle,HAYIR,57,app_event_video_clips,marketing,app_event_video_clips.update,PATCH,/v1/appEventVideoClips/{id},Update an app event video clip.
marketing,app-event,app_events__create,uygulama içi etkinlik · oluştur,oluştur,HAYIR,51,app_events,marketing,app_events.create,POST,/v1/appEvents,Create an app event.
marketing,app-event,app_events__delete,uygulama içi etkinlik · sil,sil,HAYIR,52,app_events,marketing,app_events.delete,DELETE,/v1/appEvents/{id},Delete an app event.
marketing,app-event,app_events__get,uygulama içi etkinlik · getir,getir,EVET,83,app_events,marketing,app_events.get,GET,/v1/appEvents/{id},Read one app event by ID.
marketing,app-event,app_events__localizations__list,uygulama içi etkinlik → dil metni · listele,listele,EVET,121,app_events,marketing,app_events.localizations.list,GET,/v1/appEvents/{id}/localizations,List the localizations belonging to an app event.
marketing,app-event,app_events__update,uygulama içi etkinlik · güncelle,güncelle,HAYIR,52,app_events,marketing,app_events.update,PATCH,/v1/appEvents/{id},Update an app event.
marketing,app-event,apps__app_events__list,uygulama → uygulama içi etkinlik · listele,listele,EVET,181,apps,apps,apps.app_events.list,GET,/v1/apps/{id}/appEvents,List the app events belonging to an app.
marketing,customer-review,app_store_versions__customer_reviews__list,App Store sürümü → müşteri yorumu · listele,listele,EVET,325,app_store_versions,versions,app_store_versions.customer_reviews.list,GET,/v1/appStoreVersions/{id}/customerReviews,List the customer reviews belonging to an App Store version.
marketing,customer-review,apps__customer_review_summarizations__list,uygulama → yorum özeti · listele,listele,EVET,178,apps,apps,apps.customer_review_summarizations.list,GET,/v1/apps/{id}/customerReviewSummarizations,List the customer review summarizations belonging to an app.
marketing,customer-review,apps__customer_reviews__list,uygulama → müşteri yorumu · listele,listele,EVET,332,apps,apps,apps.customer_reviews.list,GET,/v1/apps/{id}/customerReviews,List customer reviews for an app. Filter by rating or territory; sort by -createdDate for the newest.
marketing,customer-review,customer_review_responses__create,yoruma yanıt · oluştur,oluştur,HAYIR,74,customer_review_responses,reviews,customer_review_responses.create,POST,/v1/customerReviewResponses,Publish a developer response to a customer review. One response per review; use update to change it.
marketing,customer-review,customer_review_responses__delete,yoruma yanıt · sil,sil,HAYIR,61,customer_review_responses,reviews,customer_review_responses.delete,DELETE,/v1/customerReviewResponses/{id},Delete your response to a customer review.
marketing,customer-review,customer_review_responses__get,yoruma yanıt · getir,getir,EVET,89,customer_review_responses,reviews,customer_review_responses.get,GET,/v1/customerReviewResponses/{id},Read one customer review response by ID.
marketing,customer-review,customer_reviews__get,müşteri yorumu · getir,getir,EVET,89,customer_reviews,reviews,customer_reviews.get,GET,/v1/customerReviews/{id},Read one customer review by ID.
marketing,customer-review,customer_reviews__response__get,müşteri yorumu → yanıt · getir,getir,EVET,89,customer_reviews,reviews,customer_reviews.response.get,GET,/v1/customerReviews/{id}/response,Read the response for a customer review.
marketing,customer-review,reviews_ai__daily_briefing,"Summarise the last N days of reviews for an app: volume and rating trend (computed deterministically), top complaints, s",getir,EVET,60,(makro),reviews-ai,(elle yazılmış),-,-,"Summarise the last N days of reviews for an app: volume and rating trend (computed deterministically), top complaints, standout praise, one suggested action. Uses the client's own model. Read-only."
marketing,customer-review,reviews_ai__draft_response,Draft a reply to one customer review using the client's own model (MCP Sampling). Returns text only — never posts. Revie,getir,EVET,60,(makro),reviews-ai,(elle yazılmış),-,-,"Draft a reply to one customer review using the client's own model (MCP Sampling). Returns text only — never posts. Review the draft, then post it yourself with customer_review_responses__create if you approve it."
marketing,customer-review,reviews_ai__triage,"Fetch recent reviews for an app and group them by theme (bug, feature request, pricing complaint, praise, spam) using th",getir,EVET,60,(makro),reviews-ai,(elle yazılmış),-,-,"Fetch recent reviews for an app and group them by theme (bug, feature request, pricing complaint, praise, spam) using the client's own model. Read-only."
marketing,nominations,nominations__create,App Store öne çıkarma başvurusu · oluştur,oluştur,HAYIR,51,nominations,marketing,nominations.create,POST,/v1/nominations,Create a nomination.
marketing,nominations,nominations__delete,App Store öne çıkarma başvurusu · sil,sil,HAYIR,52,nominations,marketing,nominations.delete,DELETE,/v1/nominations/{id},Delete a nomination.
marketing,nominations,nominations__get,App Store öne çıkarma başvurusu · getir,getir,EVET,107,nominations,marketing,nominations.get,GET,/v1/nominations/{id},Read one nomination by ID.
marketing,nominations,nominations__list,App Store öne çıkarma başvurusu · listele,listele,EVET,313,nominations,marketing,nominations.list,GET,/v1/nominations,List nominations.
marketing,nominations,nominations__update,App Store öne çıkarma başvurusu · güncelle,güncelle,HAYIR,52,nominations,marketing,nominations.update,PATCH,/v1/nominations/{id},Update a nomination.
marketing,pp-custom,app_custom_product_page_localizations__app_preview_sets__list,özel ürün sayfası dil metni → önizleme seti · listele,listele,EVET,311,app_custom_product_page_localizations,marketing,app_custom_product_page_localizations.app_preview_sets.list,GET,/v1/appCustomProductPageLocalizations/{id}/appPreviewSets,List the app preview sets belonging to an app custom product page localization.
marketing,pp-custom,app_custom_product_page_localizations__app_screenshot_sets__list,özel ürün sayfası dil metni → ekran görüntüsü seti · listele,listele,EVET,438,app_custom_product_page_localizations,marketing,app_custom_product_page_localizations.app_screenshot_sets.list,GET,/v1/appCustomProductPageLocalizations/{id}/appScreenshotSets,List the app screenshot sets belonging to an app custom product page localization.
marketing,pp-custom,app_custom_product_page_localizations__create,özel ürün sayfası dil metni · oluştur,oluştur,HAYIR,64,app_custom_product_page_localizations,marketing,app_custom_product_page_localizations.create,POST,/v1/appCustomProductPageLocalizations,Create an app custom product page localization.
marketing,pp-custom,app_custom_product_page_localizations__delete,özel ürün sayfası dil metni · sil,sil,HAYIR,65,app_custom_product_page_localizations,marketing,app_custom_product_page_localizations.delete,DELETE,/v1/appCustomProductPageLocalizations/{id},Delete an app custom product page localization.
marketing,pp-custom,app_custom_product_page_localizations__get,özel ürün sayfası dil metni · getir,getir,EVET,113,app_custom_product_page_localizations,marketing,app_custom_product_page_localizations.get,GET,/v1/appCustomProductPageLocalizations/{id},Read one app custom product page localization by ID.
marketing,pp-custom,app_custom_product_page_localizations__search_keywords__add,özel ürün sayfası dil metni → arama anahtar kelimesi · ekle,ekle,HAYIR,73,app_custom_product_page_localizations,marketing,app_custom_product_page_localizations.search_keywords.add,POST,/v1/appCustomProductPageLocalizations/{id}/relationships/searchKeywords,Link search keywords to an app custom product page localization.
marketing,pp-custom,app_custom_product_page_localizations__search_keywords__list,özel ürün sayfası dil metni → arama anahtar kelimesi · listele,listele,EVET,133,app_custom_product_page_localizations,marketing,app_custom_product_page_localizations.search_keywords.list,GET,/v1/appCustomProductPageLocalizations/{id}/searchKeywords,List the search keywords belonging to an app custom product page localization.
marketing,pp-custom,app_custom_product_page_localizations__search_keywords__remove,özel ürün sayfası dil metni → arama anahtar kelimesi · çıkar,çıkar,HAYIR,74,app_custom_product_page_localizations,marketing,app_custom_product_page_localizations.search_keywords.remove,DELETE,/v1/appCustomProductPageLocalizations/{id}/relationships/searchKeywords,Unlink search keywords from an app custom product page localization.
marketing,pp-custom,app_custom_product_page_localizations__update,özel ürün sayfası dil metni · güncelle,güncelle,HAYIR,65,app_custom_product_page_localizations,marketing,app_custom_product_page_localizations.update,PATCH,/v1/appCustomProductPageLocalizations/{id},Update an app custom product page localization.
marketing,pp-custom,app_custom_product_page_versions__app_custom_product_page_localizations__list,özel ürün sayfası sürümü → özel ürün sayfası dil metni · listele,listele,EVET,173,app_custom_product_page_versions,marketing,app_custom_product_page_versions.app_custom_product_page_localizations.list,GET,/v1/appCustomProductPageVersions/{id}/appCustomProductPageLocalizations,List the app custom product page localizations belonging to an app custom product page version.
marketing,pp-custom,app_custom_product_page_versions__create,özel ürün sayfası sürümü · oluştur,oluştur,HAYIR,62,app_custom_product_page_versions,marketing,app_custom_product_page_versions.create,POST,/v1/appCustomProductPageVersions,Create an app custom product page version.
marketing,pp-custom,app_custom_product_page_versions__get,özel ürün sayfası sürümü · getir,getir,EVET,105,app_custom_product_page_versions,marketing,app_custom_product_page_versions.get,GET,/v1/appCustomProductPageVersions/{id},Read one app custom product page version by ID.
marketing,pp-custom,app_custom_product_page_versions__update,özel ürün sayfası sürümü · güncelle,güncelle,HAYIR,63,app_custom_product_page_versions,marketing,app_custom_product_page_versions.update,PATCH,/v1/appCustomProductPageVersions/{id},Update an app custom product page version.
marketing,pp-custom,app_custom_product_pages__app_custom_product_page_versions__list,özel ürün sayfası → özel ürün sayfası sürümü · listele,listele,EVET,197,app_custom_product_pages,marketing,app_custom_product_pages.app_custom_product_page_versions.list,GET,/v1/appCustomProductPages/{id}/appCustomProductPageVersions,List the app custom product page versions belonging to an app custom product page.
marketing,pp-custom,app_custom_product_pages__create,özel ürün sayfası · oluştur,oluştur,HAYIR,58,app_custom_product_pages,marketing,app_custom_product_pages.create,POST,/v1/appCustomProductPages,Create an app custom product page.
marketing,pp-custom,app_custom_product_pages__delete,özel ürün sayfası · sil,sil,HAYIR,59,app_custom_product_pages,marketing,app_custom_product_pages.delete,DELETE,/v1/appCustomProductPages/{id},Delete an app custom product page.
marketing,pp-custom,app_custom_product_pages__get,özel ürün sayfası · getir,getir,EVET,95,app_custom_product_pages,marketing,app_custom_product_pages.get,GET,/v1/appCustomProductPages/{id},Read one app custom product page by ID.
marketing,pp-custom,app_custom_product_pages__update,özel ürün sayfası · güncelle,güncelle,HAYIR,59,app_custom_product_pages,marketing,app_custom_product_pages.update,PATCH,/v1/appCustomProductPages/{id},Update an app custom product page.
marketing,pp-custom,apps__app_custom_product_pages__list,uygulama → özel ürün sayfası · listele,listele,EVET,141,apps,apps,apps.app_custom_product_pages.list,GET,/v1/apps/{id}/appCustomProductPages,List the app custom product pages belonging to an app.
marketing,pp-custom,apps__customer_reviews__list,uygulama → müşteri yorumu · listele,listele,EVET,332,apps,apps,apps.customer_reviews.list,GET,/v1/apps/{id}/customerReviews,List customer reviews for an app. Filter by rating or territory; sort by -createdDate for the newest.
marketing,pp-experiment,app_store_version_experiment_treatment_localizations__app_preview_sets__list,deney varyantı dil metni → önizleme seti · listele,listele,EVET,311,app_store_version_experiment_treatment_localizations,versions,app_store_version_experiment_treatment_localizations.app_preview_sets.list,GET,/v1/appStoreVersionExperimentTreatmentLocalizations/{id}/appPreviewSets,List the app preview sets belonging to an App Store version experiment treatment localization.
marketing,pp-experiment,app_store_version_experiment_treatment_localizations__app_screenshot_sets__list,deney varyantı dil metni → ekran görüntüsü seti · listele,listele,EVET,439,app_store_version_experiment_treatment_localizations,versions,app_store_version_experiment_treatment_localizations.app_screenshot_sets.list,GET,/v1/appStoreVersionExperimentTreatmentLocalizations/{id}/appScreenshotSets,List the app screenshot sets belonging to an App Store version experiment treatment localization.
marketing,pp-experiment,app_store_version_experiment_treatment_localizations__create,deney varyantı dil metni · oluştur,oluştur,HAYIR,72,app_store_version_experiment_treatment_localizations,versions,app_store_version_experiment_treatment_localizations.create,POST,/v1/appStoreVersionExperimentTreatmentLocalizations,Create an App Store version experiment treatment localization.
marketing,pp-experiment,app_store_version_experiment_treatment_localizations__delete,deney varyantı dil metni · sil,sil,HAYIR,73,app_store_version_experiment_treatment_localizations,versions,app_store_version_experiment_treatment_localizations.delete,DELETE,/v1/appStoreVersionExperimentTreatmentLocalizations/{id},Delete an App Store version experiment treatment localization.
marketing,pp-experiment,app_store_version_experiment_treatment_localizations__get,deney varyantı dil metni · getir,getir,EVET,118,app_store_version_experiment_treatment_localizations,versions,app_store_version_experiment_treatment_localizations.get,GET,/v1/appStoreVersionExperimentTreatmentLocalizations/{id},Read one App Store version experiment treatment localization by ID.
marketing,pp-experiment,app_store_version_experiment_treatments__app_store_version_experiment_treatment_localizations__list,deney varyantı → deney varyantı dil metni · listele,listele,EVET,182,app_store_version_experiment_treatments,versions,app_store_version_experiment_treatments.app_store_version_experiment_treatment_localizations.list,GET,/v1/appStoreVersionExperimentTreatments/{id}/appStoreVersionExperimentTreatmentLocalizations,List the App Store version experiment treatment localizations belonging to an App Store version experiment treatment.
marketing,pp-experiment,app_store_version_experiment_treatments__create,deney varyantı · oluştur,oluştur,HAYIR,65,app_store_version_experiment_treatments,versions,app_store_version_experiment_treatments.create,POST,/v1/appStoreVersionExperimentTreatments,Create an App Store version experiment treatment.
marketing,pp-experiment,app_store_version_experiment_treatments__delete,deney varyantı · sil,sil,HAYIR,66,app_store_version_experiment_treatments,versions,app_store_version_experiment_treatments.delete,DELETE,/v1/appStoreVersionExperimentTreatments/{id},Delete an App Store version experiment treatment.
marketing,pp-experiment,app_store_version_experiment_treatments__get,deney varyantı · getir,getir,EVET,120,app_store_version_experiment_treatments,versions,app_store_version_experiment_treatments.get,GET,/v1/appStoreVersionExperimentTreatments/{id},Read one App Store version experiment treatment by ID.
marketing,pp-experiment,app_store_version_experiment_treatments__update,deney varyantı · güncelle,güncelle,HAYIR,66,app_store_version_experiment_treatments,versions,app_store_version_experiment_treatments.update,PATCH,/v1/appStoreVersionExperimentTreatments/{id},Update an App Store version experiment treatment.
marketing,pp-experiment,app_store_version_experiments_v2__app_store_version_experiment_treatments__list,ürün sayfası deneyi → deney varyantı · listele,listele,EVET,159,app_store_version_experiments_v2,versions,app_store_version_experiments_v2.app_store_version_experiment_treatments.list,GET,/v2/appStoreVersionExperiments/{id}/appStoreVersionExperimentTreatments,List the App Store version experiment treatments belonging to an App Store version experiments (v2).
marketing,pp-experiment,app_store_version_experiments_v2__create,ürün sayfası deneyi · oluştur,oluştur,HAYIR,62,app_store_version_experiments_v2,versions,app_store_version_experiments_v2.create,POST,/v2/appStoreVersionExperiments,Create an App Store version experiments (v2).
marketing,pp-experiment,app_store_version_experiments_v2__delete,ürün sayfası deneyi · sil,sil,HAYIR,63,app_store_version_experiments_v2,versions,app_store_version_experiments_v2.delete,DELETE,/v2/appStoreVersionExperiments/{id},Delete an App Store version experiments (v2).
marketing,pp-experiment,app_store_version_experiments_v2__get,ürün sayfası deneyi · getir,getir,EVET,112,app_store_version_experiments_v2,versions,app_store_version_experiments_v2.get,GET,/v2/appStoreVersionExperiments/{id},Read one App Store version experiments (v2) by ID.
marketing,pp-experiment,app_store_version_experiments_v2__update,ürün sayfası deneyi · güncelle,güncelle,HAYIR,63,app_store_version_experiments_v2,versions,app_store_version_experiments_v2.update,PATCH,/v2/appStoreVersionExperiments/{id},Update an App Store version experiments (v2).
marketing,pp-experiment,app_store_versions__app_store_version_experiments_v2__list,App Store sürümü → ürün sayfası deneyi · listele,listele,EVET,199,app_store_versions,versions,app_store_versions.app_store_version_experiments_v2.list,GET,/v1/appStoreVersions/{id}/appStoreVersionExperimentsV2,List the App Store version experiments (v2) belonging to an App Store version.
marketing,pp-experiment,apps__app_store_version_experiments_v2__list,uygulama → ürün sayfası deneyi · listele,listele,EVET,192,apps,apps,apps.app_store_version_experiments_v2.list,GET,/v1/apps/{id}/appStoreVersionExperimentsV2,List the App Store version experiments (v2) belonging to an app.
marketing,pp-main,app_preview_sets__app_previews__list,önizleme seti → önizleme videosu · listele,listele,EVET,114,app_preview_sets,marketing,app_preview_sets.app_previews.list,GET,/v1/appPreviewSets/{id}/appPreviews,List the app previews belonging to an app preview set.
marketing,pp-main,app_preview_sets__app_previews__replace,önizleme seti → önizleme videosu · topluca değiştir,topluca değiştir,HAYIR,68,app_preview_sets,marketing,app_preview_sets.app_previews.replace,PATCH,/v1/appPreviewSets/{id}/relationships/appPreviews,Replace the full set of app previews linked to an app preview set.
marketing,pp-main,app_preview_sets__create,önizleme seti · oluştur,oluştur,HAYIR,54,app_preview_sets,marketing,app_preview_sets.create,POST,/v1/appPreviewSets,Create an app preview set.
marketing,pp-main,app_preview_sets__delete,önizleme seti · sil,sil,HAYIR,55,app_preview_sets,marketing,app_preview_sets.delete,DELETE,/v1/appPreviewSets/{id},Delete an app preview set.
marketing,pp-main,app_preview_sets__get,önizleme seti · getir,getir,EVET,114,app_preview_sets,marketing,app_preview_sets.get,GET,/v1/appPreviewSets/{id},Read one app preview set by ID.
marketing,pp-main,app_previews__create,önizleme videosu · oluştur,oluştur,HAYIR,52,app_previews,marketing,app_previews.create,POST,/v1/appPreviews,Create an app preview.
marketing,pp-main,app_previews__delete,önizleme videosu · sil,sil,HAYIR,53,app_previews,marketing,app_previews.delete,DELETE,/v1/appPreviews/{id},Delete an app preview.
marketing,pp-main,app_previews__get,önizleme videosu · getir,getir,EVET,84,app_previews,marketing,app_previews.get,GET,/v1/appPreviews/{id},Read one app preview by ID.
marketing,pp-main,app_previews__update,önizleme videosu · güncelle,güncelle,HAYIR,53,app_previews,marketing,app_previews.update,PATCH,/v1/appPreviews/{id},Update an app preview.
marketing,pp-main,app_screenshot_sets__app_screenshots__list,ekran görüntüsü seti → ekran görüntüsü · listele,listele,EVET,118,app_screenshot_sets,marketing,app_screenshot_sets.app_screenshots.list,GET,/v1/appScreenshotSets/{id}/appScreenshots,List the app screenshots belonging to an app screenshot set.
marketing,pp-main,app_screenshot_sets__app_screenshots__replace,ekran görüntüsü seti → ekran görüntüsü · topluca değiştir,topluca değiştir,HAYIR,71,app_screenshot_sets,marketing,app_screenshot_sets.app_screenshots.replace,PATCH,/v1/appScreenshotSets/{id}/relationships/appScreenshots,Replace the full set of app screenshots linked to an app screenshot set.
marketing,pp-main,app_screenshot_sets__create,ekran görüntüsü seti · oluştur,oluştur,HAYIR,79,app_screenshot_sets,marketing,app_screenshot_sets.create,POST,/v1/appScreenshotSets,"Create a screenshot set for one display size (e.g. APP_IPHONE_67) in a version localization, then upload screenshots into it."
marketing,pp-main,app_screenshot_sets__delete,ekran görüntüsü seti · sil,sil,HAYIR,56,app_screenshot_sets,marketing,app_screenshot_sets.delete,DELETE,/v1/appScreenshotSets/{id},Delete an app screenshot set.
marketing,pp-main,app_screenshot_sets__get,ekran görüntüsü seti · getir,getir,EVET,116,app_screenshot_sets,marketing,app_screenshot_sets.get,GET,/v1/appScreenshotSets/{id},Read one app screenshot set by ID.
marketing,pp-main,app_screenshots__create,ekran görüntüsü · oluştur,oluştur,HAYIR,89,app_screenshots,marketing,app_screenshots.create,POST,/v1/appScreenshots,"Upload a store listing screenshot: reserve the upload for a screenshot set, then transfer the image data. These are the screenshots customers see on the App Store page."
marketing,pp-main,app_screenshots__delete,ekran görüntüsü · sil,sil,HAYIR,54,app_screenshots,marketing,app_screenshots.delete,DELETE,/v1/appScreenshots/{id},Delete an app screenshot.
marketing,pp-main,app_screenshots__get,ekran görüntüsü · getir,getir,EVET,86,app_screenshots,marketing,app_screenshots.get,GET,/v1/appScreenshots/{id},Read one app screenshot by ID.
marketing,pp-main,app_screenshots__update,ekran görüntüsü · güncelle,güncelle,HAYIR,54,app_screenshots,marketing,app_screenshots.update,PATCH,/v1/appScreenshots/{id},Update an app screenshot.
monetization,app-price,app_price_points_v3__equalizations__list,uygulama fiyat noktası → diğer ülke karşılığı · listele,listele,EVET,142,app_price_points_v3,pricing,app_price_points_v3.equalizations.list,GET,/v3/appPricePoints/{id}/equalizations,List the equalizations belonging to an app price points v3.
monetization,app-price,app_price_points_v3__get,uygulama fiyat noktası · getir,getir,EVET,88,app_price_points_v3,pricing,app_price_points_v3.get,GET,/v3/appPricePoints/{id},Read one app price points v3 by ID.
monetization,app-price,app_price_schedules__automatic_prices__list,uygulama fiyat takvimi → otomatik fiyat · listele,listele,EVET,190,app_price_schedules,pricing,app_price_schedules.automatic_prices.list,GET,/v1/appPriceSchedules/{id}/automaticPrices,List the automatic prices belonging to an app price schedule.
monetization,app-price,app_price_schedules__base_territory__get,uygulama fiyat takvimi → temel ülke · getir,getir,EVET,64,app_price_schedules,pricing,app_price_schedules.base_territory.get,GET,/v1/appPriceSchedules/{id}/baseTerritory,Read the base territory for an app price schedule.
monetization,app-price,app_price_schedules__create,uygulama fiyat takvimi · oluştur,oluştur,HAYIR,86,app_price_schedules,pricing,app_price_schedules.create,POST,/v1/appPriceSchedules,Change or set an app's price: create a price schedule with base territory and manual prices. Find price point IDs with apps__app_price_points__list first.
monetization,app-price,app_price_schedules__get,uygulama fiyat takvimi · getir,getir,EVET,97,app_price_schedules,pricing,app_price_schedules.get,GET,/v1/appPriceSchedules/{id},Read one app price schedule by ID.
monetization,app-price,app_price_schedules__manual_prices__list,uygulama fiyat takvimi → elle girilen fiyat · listele,listele,EVET,189,app_price_schedules,pricing,app_price_schedules.manual_prices.list,GET,/v1/appPriceSchedules/{id}/manualPrices,List the manual prices belonging to an app price schedule.
monetization,app-price,apps__app_price_points__list,uygulama → app price points · listele,listele,EVET,162,apps,apps,apps.app_price_points.list,GET,/v1/apps/{id}/appPricePoints,List the allowed price points for an app's purchase price. Filter by territory (country) to find the price point ID matching the price you want to set.
monetization,app-price,apps__app_price_schedule__get,uygulama → uygulama fiyat takvimi · getir,getir,EVET,99,apps,apps,apps.app_price_schedule.get,GET,/v1/apps/{id}/appPriceSchedule,Read the app price schedule for an app.
monetization,subscriptions,pricing__set_subscription_price,"Change or set a subscription price in one territory (country) in a single step. Give it the app (name, bundle ID or Appl",yaz,HAYIR,60,(makro),pricing-makro,(elle yazılmış),-,-,"Change or set a subscription price in one territory (country) in a single step. Give it the app (name, bundle ID or Apple ID), the subscription (product ID or name), the territory (e.g. TUR, USA) and the price (e.g. ""99.99"") — it resolves the app, subscription and Apple price point internally and performs the one write. Use this instead of chaining apps__list / subscription_groups / price_points calls when the goal is simply ""set/raise/lower the price""."
monetization,iap,apps__in_app_purchases_v2__list,uygulama → uygulama içi satın alma · listele,listele,EVET,367,apps,apps,apps.in_app_purchases_v2.list,GET,/v1/apps/{id}/inAppPurchasesV2,List the in-app purchases (v2) belonging to an app.
monetization,iap,apps__promoted_purchases__list,uygulama → öne çıkarılan satın alma · listele,listele,EVET,115,apps,apps,apps.promoted_purchases.list,GET,/v1/apps/{id}/promotedPurchases,List the promoted purchases belonging to an app.
monetization,iap,apps__promoted_purchases__replace,uygulama → öne çıkarılan satın alma · topluca değiştir,topluca değiştir,HAYIR,65,apps,apps,apps.promoted_purchases.replace,PATCH,/v1/apps/{id}/relationships/promotedPurchases,Replace the full set of promoted purchases linked to an app.
monetization,iap,in_app_purchase_app_store_review_screenshots__create,in app purchase app store review screenshots · oluştur,oluştur,HAYIR,88,in_app_purchase_app_store_review_screenshots,iap,in_app_purchase_app_store_review_screenshots.create,POST,/v1/inAppPurchaseAppStoreReviewScreenshots,Upload the reviewer screenshot for an in-app purchase — the image App Review checks. Not related to store listing screenshots or pricing.
monetization,iap,in_app_purchase_app_store_review_screenshots__delete,in app purchase app store review screenshots · sil,sil,HAYIR,71,in_app_purchase_app_store_review_screenshots,iap,in_app_purchase_app_store_review_screenshots.delete,DELETE,/v1/inAppPurchaseAppStoreReviewScreenshots/{id},Delete the reviewer screenshot attached to an in-app purchase.
monetization,iap,in_app_purchase_app_store_review_screenshots__get,in app purchase app store review screenshots · getir,getir,EVET,101,in_app_purchase_app_store_review_screenshots,iap,in_app_purchase_app_store_review_screenshots.get,GET,/v1/inAppPurchaseAppStoreReviewScreenshots/{id},Read the reviewer screenshot attached to an in-app purchase.
monetization,iap,in_app_purchase_app_store_review_screenshots__update,in app purchase app store review screenshots · güncelle,güncelle,HAYIR,77,in_app_purchase_app_store_review_screenshots,iap,in_app_purchase_app_store_review_screenshots.update,PATCH,/v1/inAppPurchaseAppStoreReviewScreenshots/{id},Commit the uploaded reviewer screenshot for an in-app purchase after the file transfer.
monetization,iap,in_app_purchase_availabilities__available_territories__list,IAP ülke kullanılabilirliği → available territories · listele,listele,EVET,94,in_app_purchase_availabilities,iap,in_app_purchase_availabilities.available_territories.list,GET,/v1/inAppPurchaseAvailabilities/{id}/availableTerritories,List the available territories belonging to an in-app purchase availability.
monetization,iap,in_app_purchase_availabilities__create,IAP ülke kullanılabilirliği · oluştur,oluştur,HAYIR,60,in_app_purchase_availabilities,iap,in_app_purchase_availabilities.create,POST,/v1/inAppPurchaseAvailabilities,Create an in-app purchase availability.
monetization,iap,in_app_purchase_availabilities__get,IAP ülke kullanılabilirliği · getir,getir,EVET,94,in_app_purchase_availabilities,iap,in_app_purchase_availabilities.get,GET,/v1/inAppPurchaseAvailabilities/{id},Read one in-app purchase availability by ID.
monetization,iap,in_app_purchase_contents__get,in app purchase contents · getir,getir,EVET,90,in_app_purchase_contents,iap,in_app_purchase_contents.get,GET,/v1/inAppPurchaseContents/{id},Read one in-app purchase content by ID.
monetization,iap,in_app_purchase_images__create,in app purchase images · oluştur,oluştur,HAYIR,57,in_app_purchase_images,iap,in_app_purchase_images.create,POST,/v1/inAppPurchaseImages,Create an in-app purchase image.
monetization,iap,in_app_purchase_images__delete,in app purchase images · sil,sil,HAYIR,58,in_app_purchase_images,iap,in_app_purchase_images.delete,DELETE,/v1/inAppPurchaseImages/{id},Delete an in-app purchase image.
monetization,iap,in_app_purchase_images__get,in app purchase images · getir,getir,EVET,89,in_app_purchase_images,iap,in_app_purchase_images.get,GET,/v1/inAppPurchaseImages/{id},Read one in-app purchase image by ID.
monetization,iap,in_app_purchase_images__update,in app purchase images · güncelle,güncelle,HAYIR,58,in_app_purchase_images,iap,in_app_purchase_images.update,PATCH,/v1/inAppPurchaseImages/{id},Update an in-app purchase image.
monetization,iap,in_app_purchase_images_v2__create,in app purchase images · oluştur,oluştur,HAYIR,59,in_app_purchase_images_v2,iap,in_app_purchase_images_v2.create,POST,/v2/inAppPurchaseImages,Create an in-app purchase images (v2).
monetization,iap,in_app_purchase_images_v2__delete,in app purchase images · sil,sil,HAYIR,60,in_app_purchase_images_v2,iap,in_app_purchase_images_v2.delete,DELETE,/v2/inAppPurchaseImages/{id},Delete an in-app purchase images (v2).
monetization,iap,in_app_purchase_images_v2__get,in app purchase images · getir,getir,EVET,60,in_app_purchase_images_v2,iap,in_app_purchase_images_v2.get,GET,/v2/inAppPurchaseImages/{id},Read one in-app purchase images (v2) by ID.
monetization,iap,in_app_purchase_images_v2__update,in app purchase images · güncelle,güncelle,HAYIR,60,in_app_purchase_images_v2,iap,in_app_purchase_images_v2.update,PATCH,/v2/inAppPurchaseImages/{id},Update an in-app purchase images (v2).
monetization,iap,in_app_purchase_localizations__create,IAP dil metni · oluştur,oluştur,HAYIR,60,in_app_purchase_localizations,iap,in_app_purchase_localizations.create,POST,/v1/inAppPurchaseLocalizations,Create an in-app purchase localization.
monetization,iap,in_app_purchase_localizations__delete,IAP dil metni · sil,sil,HAYIR,61,in_app_purchase_localizations,iap,in_app_purchase_localizations.delete,DELETE,/v1/inAppPurchaseLocalizations/{id},Delete an in-app purchase localization.
monetization,iap,in_app_purchase_localizations__get,IAP dil metni · getir,getir,EVET,93,in_app_purchase_localizations,iap,in_app_purchase_localizations.get,GET,/v1/inAppPurchaseLocalizations/{id},Read one in-app purchase localization by ID.
monetization,iap,in_app_purchase_localizations__update,IAP dil metni · güncelle,güncelle,HAYIR,61,in_app_purchase_localizations,iap,in_app_purchase_localizations.update,PATCH,/v1/inAppPurchaseLocalizations/{id},Update an in-app purchase localization.
monetization,iap,in_app_purchase_localizations_v2__create,IAP dil metni · oluştur,oluştur,HAYIR,62,in_app_purchase_localizations_v2,iap,in_app_purchase_localizations_v2.create,POST,/v2/inAppPurchaseLocalizations,Create an in-app purchase localizations (v2).
monetization,iap,in_app_purchase_localizations_v2__delete,IAP dil metni · sil,sil,HAYIR,63,in_app_purchase_localizations_v2,iap,in_app_purchase_localizations_v2.delete,DELETE,/v2/inAppPurchaseLocalizations/{id},Delete an in-app purchase localizations (v2).
monetization,iap,in_app_purchase_localizations_v2__get,IAP dil metni · getir,getir,EVET,93,in_app_purchase_localizations_v2,iap,in_app_purchase_localizations_v2.get,GET,/v2/inAppPurchaseLocalizations/{id},Read one in-app purchase localizations (v2) by ID.
monetization,iap,in_app_purchase_localizations_v2__update,IAP dil metni · güncelle,güncelle,HAYIR,63,in_app_purchase_localizations_v2,iap,in_app_purchase_localizations_v2.update,PATCH,/v2/inAppPurchaseLocalizations/{id},Update an in-app purchase localizations (v2).
monetization,iap,in_app_purchase_offer_code_custom_codes__create,IAP teklif kodu (özel kod) · oluştur,oluştur,HAYIR,65,in_app_purchase_offer_code_custom_codes,iap,in_app_purchase_offer_code_custom_codes.create,POST,/v1/inAppPurchaseOfferCodeCustomCodes,Create an in-app purchase offer code custom code.
monetization,iap,in_app_purchase_offer_code_custom_codes__get,IAP teklif kodu (özel kod) · getir,getir,EVET,103,in_app_purchase_offer_code_custom_codes,iap,in_app_purchase_offer_code_custom_codes.get,GET,/v1/inAppPurchaseOfferCodeCustomCodes/{id},Read one in-app purchase offer code custom code by ID.
monetization,iap,in_app_purchase_offer_code_custom_codes__update,IAP teklif kodu (özel kod) · güncelle,güncelle,HAYIR,66,in_app_purchase_offer_code_custom_codes,iap,in_app_purchase_offer_code_custom_codes.update,PATCH,/v1/inAppPurchaseOfferCodeCustomCodes/{id},Update an in-app purchase offer code custom code.
monetization,iap,in_app_purchase_offer_code_one_time_use_codes__create,IAP teklif kodu (tek kullanımlık parti) · oluştur,oluştur,HAYIR,68,in_app_purchase_offer_code_one_time_use_codes,iap,in_app_purchase_offer_code_one_time_use_codes.create,POST,/v1/inAppPurchaseOfferCodeOneTimeUseCodes,Create an in-app purchase offer code one time use code.
monetization,iap,in_app_purchase_offer_code_one_time_use_codes__get,IAP teklif kodu (tek kullanımlık parti) · getir,getir,EVET,106,in_app_purchase_offer_code_one_time_use_codes,iap,in_app_purchase_offer_code_one_time_use_codes.get,GET,/v1/inAppPurchaseOfferCodeOneTimeUseCodes/{id},Read one in-app purchase offer code one time use code by ID.
monetization,iap,in_app_purchase_offer_code_one_time_use_codes__update,IAP teklif kodu (tek kullanımlık parti) · güncelle,güncelle,HAYIR,69,in_app_purchase_offer_code_one_time_use_codes,iap,in_app_purchase_offer_code_one_time_use_codes.update,PATCH,/v1/inAppPurchaseOfferCodeOneTimeUseCodes/{id},Update an in-app purchase offer code one time use code.
monetization,iap,in_app_purchase_offer_code_one_time_use_codes__values__get,IAP teklif kodu (tek kullanımlık parti) → kod dosyası · getir,getir,EVET,73,in_app_purchase_offer_code_one_time_use_codes,iap,in_app_purchase_offer_code_one_time_use_codes.values.get,GET,/v1/inAppPurchaseOfferCodeOneTimeUseCodes/{id}/values,Read the value for an in-app purchase offer code one time use code.
monetization,iap,in_app_purchase_offer_codes__create,IAP teklif kodu · oluştur,oluştur,HAYIR,59,in_app_purchase_offer_codes,iap,in_app_purchase_offer_codes.create,POST,/v1/inAppPurchaseOfferCodes,Create an in-app purchase offer code.
monetization,iap,in_app_purchase_offer_codes__custom_codes__list,IAP teklif kodu → özel kod · listele,listele,EVET,125,in_app_purchase_offer_codes,iap,in_app_purchase_offer_codes.custom_codes.list,GET,/v1/inAppPurchaseOfferCodes/{id}/customCodes,List the custom codes belonging to an in-app purchase offer code.
monetization,iap,in_app_purchase_offer_codes__get,IAP teklif kodu · getir,getir,EVET,98,in_app_purchase_offer_codes,iap,in_app_purchase_offer_codes.get,GET,/v1/inAppPurchaseOfferCodes/{id},Read one in-app purchase offer code by ID.
monetization,iap,in_app_purchase_offer_codes__one_time_use_codes__list,IAP teklif kodu → tek kullanımlık kod · listele,listele,EVET,128,in_app_purchase_offer_codes,iap,in_app_purchase_offer_codes.one_time_use_codes.list,GET,/v1/inAppPurchaseOfferCodes/{id}/oneTimeUseCodes,List the one time use codes belonging to an in-app purchase offer code.
monetization,iap,in_app_purchase_offer_codes__prices__list,IAP teklif kodu → fiyat · listele,listele,EVET,144,in_app_purchase_offer_codes,iap,in_app_purchase_offer_codes.prices.list,GET,/v1/inAppPurchaseOfferCodes/{id}/prices,List the prices belonging to an in-app purchase offer code.
monetization,iap,in_app_purchase_offer_codes__update,IAP teklif kodu · güncelle,güncelle,HAYIR,60,in_app_purchase_offer_codes,iap,in_app_purchase_offer_codes.update,PATCH,/v1/inAppPurchaseOfferCodes/{id},Update an in-app purchase offer code.
monetization,iap,in_app_purchase_price_points__equalizations__list,IAP fiyat noktası → diğer ülke karşılığı · listele,listele,EVET,172,in_app_purchase_price_points,iap,in_app_purchase_price_points.equalizations.list,GET,/v1/inAppPurchasePricePoints/{id}/equalizations,List the equalizations belonging to an in-app purchase price point.
monetization,iap,in_app_purchase_price_schedules__automatic_prices__list,IAP fiyat takvimi → otomatik fiyat · listele,listele,EVET,154,in_app_purchase_price_schedules,iap,in_app_purchase_price_schedules.automatic_prices.list,GET,/v1/inAppPurchasePriceSchedules/{id}/automaticPrices,List the automatic prices belonging to an in-app purchase price schedule.
monetization,iap,in_app_purchase_price_schedules__base_territory__get,IAP fiyat takvimi → temel ülke · getir,getir,EVET,70,in_app_purchase_price_schedules,iap,in_app_purchase_price_schedules.base_territory.get,GET,/v1/inAppPurchasePriceSchedules/{id}/baseTerritory,Read the base territory for an in-app purchase price schedule.
monetization,iap,in_app_purchase_price_schedules__create,IAP fiyat takvimi · oluştur,oluştur,HAYIR,93,in_app_purchase_price_schedules,iap,in_app_purchase_price_schedules.create,POST,/v1/inAppPurchasePriceSchedules,"Change or set an in-app purchase (IAP) price: create a price schedule from price point IDs. Find them with in_app_purchases_v2__price_points__list, filtered by territory."
monetization,iap,in_app_purchase_price_schedules__get,IAP fiyat takvimi · getir,getir,EVET,102,in_app_purchase_price_schedules,iap,in_app_purchase_price_schedules.get,GET,/v1/inAppPurchasePriceSchedules/{id},Read one in-app purchase price schedule by ID.
monetization,iap,in_app_purchase_price_schedules__manual_prices__list,IAP fiyat takvimi → elle girilen fiyat · listele,listele,EVET,152,in_app_purchase_price_schedules,iap,in_app_purchase_price_schedules.manual_prices.list,GET,/v1/inAppPurchasePriceSchedules/{id}/manualPrices,List the manual prices belonging to an in-app purchase price schedule.
monetization,iap,in_app_purchase_submissions__create,IAP incelemeye gönderme · oluştur,oluştur,HAYIR,59,in_app_purchase_submissions,iap,in_app_purchase_submissions.create,POST,/v1/inAppPurchaseSubmissions,Create an in-app purchase submission.
monetization,iap,in_app_purchase_versions__create,in app purchase versions · oluştur,oluştur,HAYIR,58,in_app_purchase_versions,iap,in_app_purchase_versions.create,POST,/v1/inAppPurchaseVersions,Create an in-app purchase version.
monetization,iap,in_app_purchase_versions__get,in app purchase versions · getir,getir,EVET,98,in_app_purchase_versions,iap,in_app_purchase_versions.get,GET,/v1/inAppPurchaseVersions/{id},Read one in-app purchase version by ID.
monetization,iap,in_app_purchase_versions__image__get,in app purchase versions → görsel · getir,getir,EVET,62,in_app_purchase_versions,iap,in_app_purchase_versions.image.get,GET,/v1/inAppPurchaseVersions/{id}/image,Read the image for an in-app purchase version.
monetization,iap,in_app_purchase_versions__images__list,in app purchase versions → görsel · listele,listele,EVET,84,in_app_purchase_versions,iap,in_app_purchase_versions.images.list,GET,/v1/inAppPurchaseVersions/{id}/images,List the images belonging to an in-app purchase version.
monetization,iap,in_app_purchase_versions__localizations__list,in app purchase versions → dil metni · listele,listele,EVET,117,in_app_purchase_versions,iap,in_app_purchase_versions.localizations.list,GET,/v1/inAppPurchaseVersions/{id}/localizations,List the localizations belonging to an in-app purchase version.
monetization,iap,in_app_purchases_v2__app_store_review_screenshot__get,uygulama içi satın alma → app store review screenshot · getir,getir,EVET,101,in_app_purchases_v2,iap,in_app_purchases_v2.app_store_review_screenshot.get,GET,/v2/inAppPurchases/{id}/appStoreReviewScreenshot,Read the reviewer screenshot attached to an in-app purchase.
monetization,iap,in_app_purchases_v2__content__get,uygulama içi satın alma → içerik · getir,getir,EVET,93,in_app_purchases_v2,iap,in_app_purchases_v2.content.get,GET,/v2/inAppPurchases/{id}/content,Read the content for an in-app purchases (v2).
monetization,iap,in_app_purchases_v2__create,uygulama içi satın alma · oluştur,oluştur,HAYIR,80,in_app_purchases_v2,iap,in_app_purchases_v2.create,POST,/v2/inAppPurchases,"Create an in-app purchase. Set the product ID, type (CONSUMABLE, NON_CONSUMABLE, NON_RENEWING_SUBSCRIPTION) and reference name."
monetization,iap,in_app_purchases_v2__delete,uygulama içi satın alma · sil,sil,HAYIR,57,in_app_purchases_v2,iap,in_app_purchases_v2.delete,DELETE,/v2/inAppPurchases/{id},Delete an in-app purchases (v2).
monetization,iap,in_app_purchases_v2__get,uygulama içi satın alma · getir,getir,EVET,129,in_app_purchases_v2,iap,in_app_purchases_v2.get,GET,/v2/inAppPurchases/{id},Read one in-app purchases (v2) by ID.
monetization,iap,in_app_purchases_v2__iap_price_schedule__get,uygulama içi satın alma → iap price schedule · getir,getir,EVET,106,in_app_purchases_v2,iap,in_app_purchases_v2.iap_price_schedule.get,GET,/v2/inAppPurchases/{id}/iapPriceSchedule,Read the IAP price schedule for an in-app purchases (v2).
monetization,iap,in_app_purchases_v2__images__list,uygulama içi satın alma → görsel · listele,listele,EVET,113,in_app_purchases_v2,iap,in_app_purchases_v2.images.list,GET,/v2/inAppPurchases/{id}/images,List the images belonging to an in-app purchases (v2).
monetization,iap,in_app_purchases_v2__in_app_purchase_availability__get,uygulama içi satın alma → IAP ülke kullanılabilirliği · getir,getir,EVET,105,in_app_purchases_v2,iap,in_app_purchases_v2.in_app_purchase_availability.get,GET,/v2/inAppPurchases/{id}/inAppPurchaseAvailability,Read the in-app purchase availability for an in-app purchases (v2).
monetization,iap,in_app_purchases_v2__in_app_purchase_localizations__list,uygulama içi satın alma → IAP dil metni · listele,listele,EVET,125,in_app_purchases_v2,iap,in_app_purchases_v2.in_app_purchase_localizations.list,GET,/v2/inAppPurchases/{id}/inAppPurchaseLocalizations,List the in-app purchase localizations belonging to an in-app purchases (v2).
monetization,iap,in_app_purchases_v2__offer_codes__list,uygulama içi satın alma → offer codes · listele,listele,EVET,142,in_app_purchases_v2,iap,in_app_purchases_v2.offer_codes.list,GET,/v2/inAppPurchases/{id}/offerCodes,List the offer codes belonging to an in-app purchases (v2).
monetization,iap,in_app_purchases_v2__price_points__list,uygulama içi satın alma → fiyat noktası · listele,listele,EVET,166,in_app_purchases_v2,iap,in_app_purchases_v2.price_points.list,GET,/v2/inAppPurchases/{id}/pricePoints,List the allowed price points for an in-app purchase. Filter by territory (country) to find the price point ID for a specific price before scheduling a price change.
monetization,iap,in_app_purchases_v2__promoted_purchase__get,uygulama içi satın alma → öne çıkarılan satın alma · getir,getir,EVET,102,in_app_purchases_v2,iap,in_app_purchases_v2.promoted_purchase.get,GET,/v2/inAppPurchases/{id}/promotedPurchase,Read the promoted purchase for an in-app purchases (v2).
monetization,iap,in_app_purchases_v2__update,uygulama içi satın alma · güncelle,güncelle,HAYIR,57,in_app_purchases_v2,iap,in_app_purchases_v2.update,PATCH,/v2/inAppPurchases/{id},Update an in-app purchases (v2).
monetization,iap,in_app_purchases_v2__versions__list,uygulama içi satın alma → sürüm · listele,listele,EVET,186,in_app_purchases_v2,iap,in_app_purchases_v2.versions.list,GET,/v2/inAppPurchases/{id}/versions,List the versions belonging to an in-app purchases (v2).
monetization,promote,promoted_purchases__create,öne çıkarılan satın alma · oluştur,oluştur,HAYIR,54,promoted_purchases,iap,promoted_purchases.create,POST,/v1/promotedPurchases,Create a promoted purchase.
monetization,promote,promoted_purchases__delete,öne çıkarılan satın alma · sil,sil,HAYIR,55,promoted_purchases,iap,promoted_purchases.delete,DELETE,/v1/promotedPurchases/{id},Delete a promoted purchase.
monetization,promote,promoted_purchases__get,öne çıkarılan satın alma · getir,getir,EVET,91,promoted_purchases,iap,promoted_purchases.get,GET,/v1/promotedPurchases/{id},Read one promoted purchase by ID.
monetization,promote,promoted_purchases__update,öne çıkarılan satın alma · güncelle,güncelle,HAYIR,55,promoted_purchases,iap,promoted_purchases.update,PATCH,/v1/promotedPurchases/{id},Update a promoted purchase.
monetization,storekit,storekit__check_entitlement,"Answer the single question ""does this customer currently have access?"". Returns a boolean plus the active subscriptions",getir,EVET,60,(makro),storekit,(elle yazılmış),-,-,"Answer the single question ""does this customer currently have access?"". Returns a boolean plus the active subscriptions backing it. Optionally narrow to one product ID. [App Store Server API]"
monetization,storekit,storekit__extend_renewal_date,"Extend a subscriber's renewal date — a service gesture for an outage or a support escalation. This changes billing, so c",yaz,HAYIR,60,(makro),storekit,(elle yazılmış),-,-,"Extend a subscriber's renewal date — a service gesture for an outage or a support escalation. This changes billing, so confirm with the user before calling it. [App Store Server API]"
monetization,storekit,storekit__get_notification_history,"Retrieve App Store Server Notification delivery history, including failures. Use to debug a webhook endpoint that is mis",getir,EVET,60,(makro),storekit,(elle yazılmış),-,-,"Retrieve App Store Server Notification delivery history, including failures. Use to debug a webhook endpoint that is missing events. [App Store Server API]"
monetization,storekit,storekit__get_refund_history,List every refunded transaction for a customer. Useful for auditing refund abuse before granting goodwill credit. [App S,getir,EVET,60,(makro),storekit,(elle yazılmış),-,-,List every refunded transaction for a customer. Useful for auditing refund abuse before granting goodwill credit. [App Store Server API]
monetization,storekit,storekit__get_subscription_statuses,"Get the status of every subscription a customer holds, including expiry date, auto-renew state, billing retry and grace",getir,EVET,60,(makro),storekit,(elle yazılmış),-,-,"Get the status of every subscription a customer holds, including expiry date, auto-renew state, billing retry and grace period. Use this for entitlement checks. [App Store Server API]"
monetization,storekit,storekit__get_transaction_history,"Get a customer's full purchase history from any one of their transaction IDs. Supports filtering by product type, produc",getir,EVET,60,(makro),storekit,(elle yazılmış),-,-,"Get a customer's full purchase history from any one of their transaction IDs. Supports filtering by product type, product ID and date range. [App Store Server API]"
monetization,storekit,storekit__get_transaction_info,"Get the decoded details of a single transaction: product, price, dates, ownership type and revocation state. [App Store",getir,EVET,60,(makro),storekit,(elle yazılmış),-,-,"Get the decoded details of a single transaction: product, price, dates, ownership type and revocation state. [App Store Server API]"
monetization,storekit,storekit__lookup_order,Look up all transactions tied to an order ID from a customer receipt. Use when a customer sends you the order number fro,getir,EVET,60,(makro),storekit,(elle yazılmış),-,-,Look up all transactions tied to an order ID from a customer receipt. Use when a customer sends you the order number from their email. [App Store Server API]
monetization,storekit,storekit__request_test_notification,Ask Apple to send a test notification to your configured webhook endpoint. Returns a token you can use to look up the de,yaz,HAYIR,60,(makro),storekit,(elle yazılmış),-,-,Ask Apple to send a test notification to your configured webhook endpoint. Returns a token you can use to look up the delivery result. [App Store Server API]
monetization,subscriptions,apps__subscription_grace_period__get,uygulama → ödemesiz süre · getir,getir,EVET,62,apps,apps,apps.subscription_grace_period.get,GET,/v1/apps/{id}/subscriptionGracePeriod,Read the subscription grace period for an app.
monetization,subscriptions,apps__subscription_groups__list,uygulama → abonelik grubu · listele,listele,EVET,269,apps,apps,apps.subscription_groups.list,GET,/v1/apps/{id}/subscriptionGroups,List the subscription groups belonging to an app.
monetization,subscriptions,subscription_app_store_review_screenshots__create,subscription app store review screenshots · oluştur,oluştur,HAYIR,87,subscription_app_store_review_screenshots,subscriptions,subscription_app_store_review_screenshots.create,POST,/v1/subscriptionAppStoreReviewScreenshots,Upload the reviewer screenshot for a subscription — the image App Review checks. Not related to store listing screenshots or pricing.
monetization,subscriptions,subscription_app_store_review_screenshots__delete,subscription app store review screenshots · sil,sil,HAYIR,69,subscription_app_store_review_screenshots,subscriptions,subscription_app_store_review_screenshots.delete,DELETE,/v1/subscriptionAppStoreReviewScreenshots/{id},Delete the reviewer screenshot attached to a subscription.
monetization,subscriptions,subscription_app_store_review_screenshots__get,subscription app store review screenshots · getir,getir,EVET,98,subscription_app_store_review_screenshots,subscriptions,subscription_app_store_review_screenshots.get,GET,/v1/subscriptionAppStoreReviewScreenshots/{id},Read the reviewer screenshot attached to a subscription.
monetization,subscriptions,subscription_app_store_review_screenshots__update,subscription app store review screenshots · güncelle,güncelle,HAYIR,75,subscription_app_store_review_screenshots,subscriptions,subscription_app_store_review_screenshots.update,PATCH,/v1/subscriptionAppStoreReviewScreenshots/{id},Commit the uploaded reviewer screenshot for a subscription after the file transfer.
monetization,subscriptions,subscription_grace_periods__get,ödemesiz süre · getir,getir,EVET,60,subscription_grace_periods,subscriptions,subscription_grace_periods.get,GET,/v1/subscriptionGracePeriods/{id},Read one subscription grace period by ID.
monetization,subscriptions,subscription_grace_periods__update,ödemesiz süre · güncelle,güncelle,HAYIR,59,subscription_grace_periods,subscriptions,subscription_grace_periods.update,PATCH,/v1/subscriptionGracePeriods/{id},Update a subscription grace period.
monetization,subscriptions,subscription_group_localizations__create,abonelik grubu dil metni · oluştur,oluştur,HAYIR,61,subscription_group_localizations,subscriptions,subscription_group_localizations.create,POST,/v1/subscriptionGroupLocalizations,Create a subscription group localization.
monetization,subscriptions,subscription_group_localizations__delete,abonelik grubu dil metni · sil,sil,HAYIR,62,subscription_group_localizations,subscriptions,subscription_group_localizations.delete,DELETE,/v1/subscriptionGroupLocalizations/{id},Delete a subscription group localization.
monetization,subscriptions,subscription_group_localizations__get,abonelik grubu dil metni · getir,getir,EVET,95,subscription_group_localizations,subscriptions,subscription_group_localizations.get,GET,/v1/subscriptionGroupLocalizations/{id},Read one subscription group localization by ID.
monetization,subscriptions,subscription_group_localizations__update,abonelik grubu dil metni · güncelle,güncelle,HAYIR,62,subscription_group_localizations,subscriptions,subscription_group_localizations.update,PATCH,/v1/subscriptionGroupLocalizations/{id},Update a subscription group localization.
monetization,subscriptions,subscription_group_localizations_v2__create,abonelik grubu dil metni · oluştur,oluştur,HAYIR,64,subscription_group_localizations_v2,subscriptions,subscription_group_localizations_v2.create,POST,/v2/subscriptionGroupLocalizations,Create a subscription group localizations (v2).
monetization,subscriptions,subscription_group_localizations_v2__delete,abonelik grubu dil metni · sil,sil,HAYIR,65,subscription_group_localizations_v2,subscriptions,subscription_group_localizations_v2.delete,DELETE,/v2/subscriptionGroupLocalizations/{id},Delete a subscription group localizations (v2).
monetization,subscriptions,subscription_group_localizations_v2__get,abonelik grubu dil metni · getir,getir,EVET,95,subscription_group_localizations_v2,subscriptions,subscription_group_localizations_v2.get,GET,/v2/subscriptionGroupLocalizations/{id},Read one subscription group localizations (v2) by ID.
monetization,subscriptions,subscription_group_localizations_v2__update,abonelik grubu dil metni · güncelle,güncelle,HAYIR,65,subscription_group_localizations_v2,subscriptions,subscription_group_localizations_v2.update,PATCH,/v2/subscriptionGroupLocalizations/{id},Update a subscription group localizations (v2).
monetization,subscriptions,subscription_group_submissions__create,abonelik grubu incelemeye gönderme · oluştur,oluştur,HAYIR,60,subscription_group_submissions,subscriptions,subscription_group_submissions.create,POST,/v1/subscriptionGroupSubmissions,Create a subscription group submission.
monetization,subscriptions,subscription_group_versions__create,subscription group versions · oluştur,oluştur,HAYIR,59,subscription_group_versions,subscriptions,subscription_group_versions.create,POST,/v1/subscriptionGroupVersions,Create a subscription group version.
monetization,subscriptions,subscription_group_versions__get,subscription group versions · getir,getir,EVET,96,subscription_group_versions,subscriptions,subscription_group_versions.get,GET,/v1/subscriptionGroupVersions/{id},Read one subscription group version by ID.
monetization,subscriptions,subscription_group_versions__localizations__list,subscription group versions → dil metni · listele,listele,EVET,118,subscription_group_versions,subscriptions,subscription_group_versions.localizations.list,GET,/v1/subscriptionGroupVersions/{id}/localizations,List the localizations belonging to a subscription group version.
monetization,subscriptions,subscription_groups__create,abonelik grubu · oluştur,oluştur,HAYIR,75,subscription_groups,subscriptions,subscription_groups.create,POST,/v1/subscriptionGroups,Create a subscription group. Subscriptions in the same group are mutually exclusive upgrade/downgrade options.
monetization,subscriptions,subscription_groups__delete,abonelik grubu · sil,sil,HAYIR,56,subscription_groups,subscriptions,subscription_groups.delete,DELETE,/v1/subscriptionGroups/{id},Delete a subscription group.
monetization,subscriptions,subscription_groups__get,abonelik grubu · getir,getir,EVET,98,subscription_groups,subscriptions,subscription_groups.get,GET,/v1/subscriptionGroups/{id},Read one subscription group by ID.
monetization,subscriptions,subscription_groups__subscription_group_localizations__list,abonelik grubu → abonelik grubu dil metni · listele,listele,EVET,126,subscription_groups,subscriptions,subscription_groups.subscription_group_localizations.list,GET,/v1/subscriptionGroups/{id}/subscriptionGroupLocalizations,List the subscription group localizations belonging to a subscription group.
monetization,subscriptions,subscription_groups__subscriptions__list,abonelik grubu → abonelik · listele,listele,EVET,322,subscription_groups,subscriptions,subscription_groups.subscriptions.list,GET,/v1/subscriptionGroups/{id}/subscriptions,List the subscriptions belonging to a subscription group.
monetization,subscriptions,subscription_groups__update,abonelik grubu · güncelle,güncelle,HAYIR,56,subscription_groups,subscriptions,subscription_groups.update,PATCH,/v1/subscriptionGroups/{id},Update a subscription group.
monetization,subscriptions,subscription_groups__versions__list,abonelik grubu → sürüm · listele,listele,EVET,181,subscription_groups,subscriptions,subscription_groups.versions.list,GET,/v1/subscriptionGroups/{id}/versions,List the versions belonging to a subscription group.
monetization,subscriptions,subscription_images__create,subscription images · oluştur,oluştur,HAYIR,55,subscription_images,subscriptions,subscription_images.create,POST,/v1/subscriptionImages,Create a subscription image.
monetization,subscriptions,subscription_images__delete,subscription images · sil,sil,HAYIR,56,subscription_images,subscriptions,subscription_images.delete,DELETE,/v1/subscriptionImages/{id},Delete a subscription image.
monetization,subscriptions,subscription_images__get,subscription images · getir,getir,EVET,87,subscription_images,subscriptions,subscription_images.get,GET,/v1/subscriptionImages/{id},Read one subscription image by ID.
monetization,subscriptions,subscription_images__update,subscription images · güncelle,güncelle,HAYIR,56,subscription_images,subscriptions,subscription_images.update,PATCH,/v1/subscriptionImages/{id},Update a subscription image.
monetization,subscriptions,subscription_images_v2__create,subscription images · oluştur,oluştur,HAYIR,57,subscription_images_v2,subscriptions,subscription_images_v2.create,POST,/v2/subscriptionImages,Create a subscription images (v2).
monetization,subscriptions,subscription_images_v2__delete,subscription images · sil,sil,HAYIR,58,subscription_images_v2,subscriptions,subscription_images_v2.delete,DELETE,/v2/subscriptionImages/{id},Delete a subscription images (v2).
monetization,subscriptions,subscription_images_v2__get,subscription images · getir,getir,EVET,59,subscription_images_v2,subscriptions,subscription_images_v2.get,GET,/v2/subscriptionImages/{id},Read one subscription images (v2) by ID.
monetization,subscriptions,subscription_images_v2__update,subscription images · güncelle,güncelle,HAYIR,58,subscription_images_v2,subscriptions,subscription_images_v2.update,PATCH,/v2/subscriptionImages/{id},Update a subscription images (v2).
monetization,subscriptions,subscription_introductory_offers__create,tanıtım teklifi · oluştur,oluştur,HAYIR,61,subscription_introductory_offers,subscriptions,subscription_introductory_offers.create,POST,/v1/subscriptionIntroductoryOffers,Create a subscription introductory offer.
monetization,subscriptions,subscription_introductory_offers__delete,tanıtım teklifi · sil,sil,HAYIR,62,subscription_introductory_offers,subscriptions,subscription_introductory_offers.delete,DELETE,/v1/subscriptionIntroductoryOffers/{id},Delete a subscription introductory offer.
monetization,subscriptions,subscription_introductory_offers__update,tanıtım teklifi · güncelle,güncelle,HAYIR,62,subscription_introductory_offers,subscriptions,subscription_introductory_offers.update,PATCH,/v1/subscriptionIntroductoryOffers/{id},Update a subscription introductory offer.
monetization,subscriptions,subscription_localizations__create,abonelik dil metni · oluştur,oluştur,HAYIR,58,subscription_localizations,subscriptions,subscription_localizations.create,POST,/v1/subscriptionLocalizations,Create a subscription localization.
monetization,subscriptions,subscription_localizations__delete,abonelik dil metni · sil,sil,HAYIR,59,subscription_localizations,subscriptions,subscription_localizations.delete,DELETE,/v1/subscriptionLocalizations/{id},Delete a subscription localization.
monetization,subscriptions,subscription_localizations__get,abonelik dil metni · getir,getir,EVET,91,subscription_localizations,subscriptions,subscription_localizations.get,GET,/v1/subscriptionLocalizations/{id},Read one subscription localization by ID.
monetization,subscriptions,subscription_localizations__update,abonelik dil metni · güncelle,güncelle,HAYIR,59,subscription_localizations,subscriptions,subscription_localizations.update,PATCH,/v1/subscriptionLocalizations/{id},Update a subscription localization.
monetization,subscriptions,subscription_localizations_v2__create,abonelik dil metni · oluştur,oluştur,HAYIR,61,subscription_localizations_v2,subscriptions,subscription_localizations_v2.create,POST,/v2/subscriptionLocalizations,Create a subscription localizations (v2).
monetization,subscriptions,subscription_localizations_v2__delete,abonelik dil metni · sil,sil,HAYIR,62,subscription_localizations_v2,subscriptions,subscription_localizations_v2.delete,DELETE,/v2/subscriptionLocalizations/{id},Delete a subscription localizations (v2).
monetization,subscriptions,subscription_localizations_v2__get,abonelik dil metni · getir,getir,EVET,92,subscription_localizations_v2,subscriptions,subscription_localizations_v2.get,GET,/v2/subscriptionLocalizations/{id},Read one subscription localizations (v2) by ID.
monetization,subscriptions,subscription_localizations_v2__update,abonelik dil metni · güncelle,güncelle,HAYIR,62,subscription_localizations_v2,subscriptions,subscription_localizations_v2.update,PATCH,/v2/subscriptionLocalizations/{id},Update a subscription localizations (v2).
monetization,subscriptions,subscription_offer_code_custom_codes__create,abonelik teklif kodu (özel kod) · oluştur,oluştur,HAYIR,63,subscription_offer_code_custom_codes,subscriptions,subscription_offer_code_custom_codes.create,POST,/v1/subscriptionOfferCodeCustomCodes,Create a subscription offer code custom code.
monetization,subscriptions,subscription_offer_code_custom_codes__get,abonelik teklif kodu (özel kod) · getir,getir,EVET,95,subscription_offer_code_custom_codes,subscriptions,subscription_offer_code_custom_codes.get,GET,/v1/subscriptionOfferCodeCustomCodes/{id},Read one subscription offer code custom code by ID.
monetization,subscriptions,subscription_offer_code_custom_codes__update,abonelik teklif kodu (özel kod) · güncelle,güncelle,HAYIR,64,subscription_offer_code_custom_codes,subscriptions,subscription_offer_code_custom_codes.update,PATCH,/v1/subscriptionOfferCodeCustomCodes/{id},Update a subscription offer code custom code.
monetization,subscriptions,subscription_offer_code_one_time_use_codes__create,abonelik teklif kodu (tek kullanımlık parti) · oluştur,oluştur,HAYIR,66,subscription_offer_code_one_time_use_codes,subscriptions,subscription_offer_code_one_time_use_codes.create,POST,/v1/subscriptionOfferCodeOneTimeUseCodes,Create a subscription offer code one time use code.
monetization,subscriptions,subscription_offer_code_one_time_use_codes__get,abonelik teklif kodu (tek kullanımlık parti) · getir,getir,EVET,98,subscription_offer_code_one_time_use_codes,subscriptions,subscription_offer_code_one_time_use_codes.get,GET,/v1/subscriptionOfferCodeOneTimeUseCodes/{id},Read one subscription offer code one time use code by ID.
monetization,subscriptions,subscription_offer_code_one_time_use_codes__update,abonelik teklif kodu (tek kullanımlık parti) · güncelle,güncelle,HAYIR,67,subscription_offer_code_one_time_use_codes,subscriptions,subscription_offer_code_one_time_use_codes.update,PATCH,/v1/subscriptionOfferCodeOneTimeUseCodes/{id},Update a subscription offer code one time use code.
monetization,subscriptions,subscription_offer_code_one_time_use_codes__values__get,abonelik teklif kodu (tek kullanımlık parti) → kod dosyası · getir,getir,EVET,71,subscription_offer_code_one_time_use_codes,subscriptions,subscription_offer_code_one_time_use_codes.values.get,GET,/v1/subscriptionOfferCodeOneTimeUseCodes/{id}/values,Read the value for a subscription offer code one time use code.
monetization,subscriptions,subscription_offer_codes__create,abonelik teklif kodu · oluştur,oluştur,HAYIR,57,subscription_offer_codes,subscriptions,subscription_offer_codes.create,POST,/v1/subscriptionOfferCodes,Create a subscription offer code.
monetization,subscriptions,subscription_offer_codes__custom_codes__list,abonelik teklif kodu → özel kod · listele,listele,EVET,117,subscription_offer_codes,subscriptions,subscription_offer_codes.custom_codes.list,GET,/v1/subscriptionOfferCodes/{id}/customCodes,List the custom codes belonging to a subscription offer code.
monetization,subscriptions,subscription_offer_codes__get,abonelik teklif kodu · getir,getir,EVET,100,subscription_offer_codes,subscriptions,subscription_offer_codes.get,GET,/v1/subscriptionOfferCodes/{id},Read one subscription offer code by ID.
monetization,subscriptions,subscription_offer_codes__one_time_use_codes__list,abonelik teklif kodu → tek kullanımlık kod · listele,listele,EVET,120,subscription_offer_codes,subscriptions,subscription_offer_codes.one_time_use_codes.list,GET,/v1/subscriptionOfferCodes/{id}/oneTimeUseCodes,List the one time use codes belonging to a subscription offer code.
monetization,subscriptions,subscription_offer_codes__prices__list,abonelik teklif kodu → fiyat · listele,listele,EVET,145,subscription_offer_codes,subscriptions,subscription_offer_codes.prices.list,GET,/v1/subscriptionOfferCodes/{id}/prices,List the prices belonging to a subscription offer code.
monetization,subscriptions,subscription_offer_codes__update,abonelik teklif kodu · güncelle,güncelle,HAYIR,58,subscription_offer_codes,subscriptions,subscription_offer_codes.update,PATCH,/v1/subscriptionOfferCodes/{id},Update a subscription offer code.
monetization,subscriptions,subscription_plan_availabilities__available_territories__list,abonelik ülke kullanılabilirliği → available territories · listele,listele,EVET,95,subscription_plan_availabilities,subscriptions,subscription_plan_availabilities.available_territories.list,GET,/v1/subscriptionPlanAvailabilities/{id}/availableTerritories,List the available territories belonging to a subscription plan availability.
monetization,subscriptions,subscription_plan_availabilities__available_territories__replace,abonelik ülke kullanılabilirliği → available territories · topluca değiştir,topluca değiştir,HAYIR,80,subscription_plan_availabilities,subscriptions,subscription_plan_availabilities.available_territories.replace,PATCH,/v1/subscriptionPlanAvailabilities/{id}/relationships/availableTerritories,Replace the full set of available territories linked to a subscription plan availability.
monetization,subscriptions,subscription_plan_availabilities__create,abonelik ülke kullanılabilirliği · oluştur,oluştur,HAYIR,61,subscription_plan_availabilities,subscriptions,subscription_plan_availabilities.create,POST,/v1/subscriptionPlanAvailabilities,Create a subscription plan availability.
monetization,subscriptions,subscription_plan_availabilities__get,abonelik ülke kullanılabilirliği · getir,getir,EVET,95,subscription_plan_availabilities,subscriptions,subscription_plan_availabilities.get,GET,/v1/subscriptionPlanAvailabilities/{id},Read one subscription plan availability by ID.
monetization,subscriptions,subscription_plan_availabilities__update,abonelik ülke kullanılabilirliği · güncelle,güncelle,HAYIR,62,subscription_plan_availabilities,subscriptions,subscription_plan_availabilities.update,PATCH,/v1/subscriptionPlanAvailabilities/{id},Update a subscription plan availability.
monetization,subscriptions,subscription_price_points__adjusted_equalizations__list,abonelik fiyat noktası → düzeltilmiş ülke karşılığı · listele,listele,EVET,218,subscription_price_points,subscriptions,subscription_price_points.adjusted_equalizations.list,GET,/v1/subscriptionPricePoints/{id}/adjustedEqualizations,List the adjusted equalizations belonging to a subscription price point.
monetization,subscriptions,subscription_price_points__equalizations__list,abonelik fiyat noktası → diğer ülke karşılığı · listele,listele,EVET,239,subscription_price_points,subscriptions,subscription_price_points.equalizations.list,GET,/v1/subscriptionPricePoints/{id}/equalizations,"Given one price point in a base country, list the equivalent (equalized) price points in every other territory — for per-country pricing aligned to one anchor price."
monetization,subscriptions,subscription_price_points__get,abonelik fiyat noktası · getir,getir,EVET,89,subscription_price_points,subscriptions,subscription_price_points.get,GET,/v1/subscriptionPricePoints/{id},Read one subscription price point by ID.
monetization,subscriptions,subscription_prices__create,abonelik fiyatı · oluştur,oluştur,HAYIR,139,subscription_prices,subscriptions,subscription_prices.create,POST,/v1/subscriptionPrices,"Change or set a subscription price in a specific territory (country). This is the write step for raising or lowering a subscription price: first find the price point ID with subscriptions__price_points__list (filtered by territory), then create the price with it. preserveCurrentPrice decides whether existing subscribers keep their old price or move to the new one."
monetization,subscriptions,subscription_prices__delete,abonelik fiyatı · sil,sil,HAYIR,66,subscription_prices,subscriptions,subscription_prices.delete,DELETE,/v1/subscriptionPrices/{id},Cancel a scheduled subscription price change before it takes effect.
monetization,subscriptions,subscription_promotional_offers__create,promosyon teklifi · oluştur,oluştur,HAYIR,61,subscription_promotional_offers,subscriptions,subscription_promotional_offers.create,POST,/v1/subscriptionPromotionalOffers,Create a subscription promotional offer.
monetization,subscriptions,subscription_promotional_offers__delete,promosyon teklifi · sil,sil,HAYIR,62,subscription_promotional_offers,subscriptions,subscription_promotional_offers.delete,DELETE,/v1/subscriptionPromotionalOffers/{id},Delete a subscription promotional offer.
monetization,subscriptions,subscription_promotional_offers__get,promosyon teklifi · getir,getir,EVET,95,subscription_promotional_offers,subscriptions,subscription_promotional_offers.get,GET,/v1/subscriptionPromotionalOffers/{id},Read one subscription promotional offer by ID.
monetization,subscriptions,subscription_promotional_offers__prices__list,promosyon teklifi → fiyat · listele,listele,EVET,148,subscription_promotional_offers,subscriptions,subscription_promotional_offers.prices.list,GET,/v1/subscriptionPromotionalOffers/{id}/prices,List the prices belonging to a subscription promotional offer.
monetization,subscriptions,subscription_promotional_offers__update,promosyon teklifi · güncelle,güncelle,HAYIR,62,subscription_promotional_offers,subscriptions,subscription_promotional_offers.update,PATCH,/v1/subscriptionPromotionalOffers/{id},Update a subscription promotional offer.
monetization,subscriptions,subscription_submissions__create,abonelik incelemeye gönderme · oluştur,oluştur,HAYIR,57,subscription_submissions,subscriptions,subscription_submissions.create,POST,/v1/subscriptionSubmissions,Create a subscription submission.
monetization,subscriptions,subscription_versions__create,subscription versions · oluştur,oluştur,HAYIR,56,subscription_versions,subscriptions,subscription_versions.create,POST,/v1/subscriptionVersions,Create a subscription version.
monetization,subscriptions,subscription_versions__get,subscription versions · getir,getir,EVET,96,subscription_versions,subscriptions,subscription_versions.get,GET,/v1/subscriptionVersions/{id},Read one subscription version by ID.
monetization,subscriptions,subscription_versions__image__get,subscription versions → görsel · getir,getir,EVET,61,subscription_versions,subscriptions,subscription_versions.image.get,GET,/v1/subscriptionVersions/{id}/image,Read the image for a subscription version.
monetization,subscriptions,subscription_versions__images__list,subscription versions → görsel · listele,listele,EVET,82,subscription_versions,subscriptions,subscription_versions.images.list,GET,/v1/subscriptionVersions/{id}/images,List the images belonging to a subscription version.
monetization,subscriptions,subscription_versions__localizations__list,subscription versions → dil metni · listele,listele,EVET,115,subscription_versions,subscriptions,subscription_versions.localizations.list,GET,/v1/subscriptionVersions/{id}/localizations,List the localizations belonging to a subscription version.
monetization,subscriptions,subscriptions__app_store_review_screenshot__get,abonelik → app store review screenshot · getir,getir,EVET,98,subscriptions,subscriptions,subscriptions.app_store_review_screenshot.get,GET,/v1/subscriptions/{id}/appStoreReviewScreenshot,Read the reviewer screenshot attached to a subscription.
monetization,subscriptions,subscriptions__create,abonelik · oluştur,oluştur,HAYIR,63,subscriptions,subscriptions,subscriptions.create,POST,/v1/subscriptions,Create an auto-renewable subscription inside a subscription group.
monetization,subscriptions,subscriptions__delete,abonelik · sil,sil,HAYIR,53,subscriptions,subscriptions,subscriptions.delete,DELETE,/v1/subscriptions/{id},Delete a subscription.
monetization,subscriptions,subscriptions__get,abonelik · getir,getir,EVET,138,subscriptions,subscriptions,subscriptions.get,GET,/v1/subscriptions/{id},Read one subscription by ID.
monetization,subscriptions,subscriptions__images__list,abonelik → görsel · listele,listele,EVET,109,subscriptions,subscriptions,subscriptions.images.list,GET,/v1/subscriptions/{id}/images,List the images belonging to a subscription.
monetization,subscriptions,subscriptions__introductory_offers__list,abonelik → introductory offers · listele,listele,EVET,150,subscriptions,subscriptions,subscriptions.introductory_offers.list,GET,/v1/subscriptions/{id}/introductoryOffers,List the introductory offers belonging to a subscription.
monetization,subscriptions,subscriptions__introductory_offers__remove,abonelik → introductory offers · çıkar,çıkar,HAYIR,64,subscriptions,subscriptions,subscriptions.introductory_offers.remove,DELETE,/v1/subscriptions/{id}/relationships/introductoryOffers,Unlink introductory offers from a subscription.
monetization,subscriptions,subscriptions__offer_codes__list,abonelik → offer codes · listele,listele,EVET,142,subscriptions,subscriptions,subscriptions.offer_codes.list,GET,/v1/subscriptions/{id}/offerCodes,List the offer codes belonging to a subscription.
monetization,subscriptions,subscriptions__plan_availabilities__list,abonelik → plan availabilities · listele,listele,EVET,118,subscriptions,subscriptions,subscriptions.plan_availabilities.list,GET,/v1/subscriptions/{id}/planAvailabilities,List the plan availabilities belonging to a subscription.
monetization,subscriptions,subscriptions__price_points__list,abonelik → fiyat noktası · listele,listele,EVET,257,subscriptions,subscriptions,subscriptions.price_points.list,GET,/v1/subscriptions/{id}/pricePoints,"List the allowed price points for a subscription — the first step when you want to change, set, raise or lower a subscription price. ALWAYS filter by territory (filter_territory, e.g. TUR, USA) — unfiltered, this returns thousands of rows. Find the price point whose customerPrice matches the price you want, then pass its ID to subscription_prices__create."
monetization,subscriptions,subscriptions__prices__list,abonelik → fiyat · listele,listele,EVET,227,subscriptions,subscriptions,subscriptions.prices.list,GET,/v1/subscriptions/{id}/prices,List the current and scheduled prices of a subscription per territory (country) — use this to see what a subscription costs today in each storefront.
monetization,subscriptions,subscriptions__prices__remove,abonelik → fiyat · çıkar,çıkar,HAYIR,58,subscriptions,subscriptions,subscriptions.prices.remove,DELETE,/v1/subscriptions/{id}/relationships/prices,Unlink prices from a subscription.
monetization,subscriptions,subscriptions__promoted_purchase__get,abonelik → öne çıkarılan satın alma · getir,getir,EVET,98,subscriptions,subscriptions,subscriptions.promoted_purchase.get,GET,/v1/subscriptions/{id}/promotedPurchase,Read the promoted purchase for a subscription.
monetization,subscriptions,subscriptions__promotional_offers__list,abonelik → promotional offers · listele,listele,EVET,137,subscriptions,subscriptions,subscriptions.promotional_offers.list,GET,/v1/subscriptions/{id}/promotionalOffers,List the promotional offers belonging to a subscription.
monetization,subscriptions,subscriptions__subscription_localizations__list,abonelik → abonelik dil metni · listele,listele,EVET,119,subscriptions,subscriptions,subscriptions.subscription_localizations.list,GET,/v1/subscriptions/{id}/subscriptionLocalizations,List the subscription localizations belonging to a subscription.
monetization,subscriptions,subscriptions__update,abonelik · güncelle,güncelle,HAYIR,53,subscriptions,subscriptions,subscriptions.update,PATCH,/v1/subscriptions/{id},Update a subscription.
monetization,subscriptions,subscriptions__versions__list,abonelik → sürüm · listele,listele,EVET,181,subscriptions,subscriptions,subscriptions.versions.list,GET,/v1/subscriptions/{id}/versions,List the versions belonging to a subscription.
monetization,subscriptions,subscriptions__win_back_offers__list,abonelik → geri kazanma teklifi · listele,listele,EVET,112,subscriptions,subscriptions,subscriptions.win_back_offers.list,GET,/v1/subscriptions/{id}/winBackOffers,List the win back offers belonging to a subscription.
monetization,winback,win_back_offers__create,geri kazanma teklifi · oluştur,oluştur,HAYIR,53,win_back_offers,subscriptions,win_back_offers.create,POST,/v1/winBackOffers,Create a win back offer.
monetization,winback,win_back_offers__delete,geri kazanma teklifi · sil,sil,HAYIR,54,win_back_offers,subscriptions,win_back_offers.delete,DELETE,/v1/winBackOffers/{id},Delete a win back offer.
monetization,winback,win_back_offers__get,geri kazanma teklifi · getir,getir,EVET,84,win_back_offers,subscriptions,win_back_offers.get,GET,/v1/winBackOffers/{id},Read one win back offer by ID.
monetization,winback,win_back_offers__prices__list,geri kazanma teklifi → fiyat · listele,listele,EVET,140,win_back_offers,subscriptions,win_back_offers.prices.list,GET,/v1/winBackOffers/{id}/prices,List the prices belonging to a win back offer.
monetization,winback,win_back_offers__update,geri kazanma teklifi · güncelle,güncelle,HAYIR,54,win_back_offers,subscriptions,win_back_offers.update,PATCH,/v1/winBackOffers/{id},Update a win back offer.
provisioning,,bundle_id_capabilities__create,bundle ID yeteneği · oluştur,oluştur,HAYIR,56,bundle_id_capabilities,provisioning,bundle_id_capabilities.create,POST,/v1/bundleIdCapabilities,Create a bundle ID capability.
provisioning,,bundle_id_capabilities__delete,bundle ID yeteneği · sil,sil,HAYIR,57,bundle_id_capabilities,provisioning,bundle_id_capabilities.delete,DELETE,/v1/bundleIdCapabilities/{id},Delete a bundle ID capability.
provisioning,,bundle_id_capabilities__update,bundle ID yeteneği · güncelle,güncelle,HAYIR,57,bundle_id_capabilities,provisioning,bundle_id_capabilities.update,PATCH,/v1/bundleIdCapabilities/{id},Update a bundle ID capability.
provisioning,,bundle_ids__app__get,bundle ID → uygulama · getir,getir,EVET,54,bundle_ids,provisioning,bundle_ids.app.get,GET,/v1/bundleIds/{id}/app,Read the app for a bundle ID.
provisioning,,bundle_ids__bundle_id_capabilities__list,bundle ID → bundle ID yeteneği · listele,listele,EVET,85,bundle_ids,provisioning,bundle_ids.bundle_id_capabilities.list,GET,/v1/bundleIds/{id}/bundleIdCapabilities,List the bundle ID capabilities belonging to a bundle ID.
provisioning,,bundle_ids__create,bundle ID · oluştur,oluştur,HAYIR,65,bundle_ids,provisioning,bundle_ids.create,POST,/v1/bundleIds,Register a new bundle identifier before creating provisioning profiles for it.
provisioning,,bundle_ids__delete,bundle ID · sil,sil,HAYIR,51,bundle_ids,provisioning,bundle_ids.delete,DELETE,/v1/bundleIds/{id},Delete a bundle ID.
provisioning,,bundle_ids__get,bundle ID · getir,getir,EVET,89,bundle_ids,provisioning,bundle_ids.get,GET,/v1/bundleIds/{id},Read one bundle ID by ID.
provisioning,,bundle_ids__list,bundle ID · listele,listele,EVET,277,bundle_ids,provisioning,bundle_ids.list,GET,/v1/bundleIds,List bundle IDs.
provisioning,,bundle_ids__profiles__list,bundle ID → provisioning profili · listele,listele,EVET,78,bundle_ids,provisioning,bundle_ids.profiles.list,GET,/v1/bundleIds/{id}/profiles,List the profiles belonging to a bundle ID.
provisioning,,bundle_ids__update,bundle ID · güncelle,güncelle,HAYIR,51,bundle_ids,provisioning,bundle_ids.update,PATCH,/v1/bundleIds/{id},Update a bundle ID.
provisioning,,certificates__create,sertifika · oluştur,oluştur,HAYIR,51,certificates,provisioning,certificates.create,POST,/v1/certificates,Create a certificate.
provisioning,,certificates__delete,sertifika · sil,sil,HAYIR,52,certificates,provisioning,certificates.delete,DELETE,/v1/certificates/{id},Delete a certificate.
provisioning,,certificates__get,sertifika · getir,getir,EVET,83,certificates,provisioning,certificates.get,GET,/v1/certificates/{id},Read one certificate by ID.
provisioning,,certificates__list,sertifika · listele,listele,EVET,349,certificates,provisioning,certificates.list,GET,/v1/certificates,List certificates.
provisioning,,certificates__pass_type_id__get,sertifika → pass type ID · getir,getir,EVET,90,certificates,provisioning,certificates.pass_type_id.get,GET,/v1/certificates/{id}/passTypeId,Read the pass type ID for a certificate.
provisioning,,certificates__update,sertifika · güncelle,güncelle,HAYIR,52,certificates,provisioning,certificates.update,PATCH,/v1/certificates/{id},Update a certificate.
provisioning,,devices__create,cihaz · oluştur,oluştur,HAYIR,65,devices,provisioning,devices.create,POST,/v1/devices,Register a device UDID so it can be included in development provisioning profiles.
provisioning,,devices__get,cihaz · getir,getir,EVET,51,devices,provisioning,devices.get,GET,/v1/devices/{id},Read one device by ID.
provisioning,,devices__list,cihaz · listele,listele,EVET,240,devices,provisioning,devices.list,GET,/v1/devices,List devices.
provisioning,,devices__update,cihaz · güncelle,güncelle,HAYIR,50,devices,provisioning,devices.update,PATCH,/v1/devices/{id},Update a device.
provisioning,,merchant_ids__certificates__list,merchant ID → sertifika · listele,listele,EVET,361,merchant_ids,provisioning,merchant_ids.certificates.list,GET,/v1/merchantIds/{id}/certificates,List the certificates belonging to a merchant ID.
provisioning,,merchant_ids__create,merchant ID · oluştur,oluştur,HAYIR,51,merchant_ids,provisioning,merchant_ids.create,POST,/v1/merchantIds,Create a merchant ID.
provisioning,,merchant_ids__delete,merchant ID · sil,sil,HAYIR,52,merchant_ids,provisioning,merchant_ids.delete,DELETE,/v1/merchantIds/{id},Delete a merchant ID.
provisioning,,merchant_ids__get,merchant ID · getir,getir,EVET,84,merchant_ids,provisioning,merchant_ids.get,GET,/v1/merchantIds/{id},Read one merchant ID by ID.
provisioning,,merchant_ids__list,merchant ID · listele,listele,EVET,188,merchant_ids,provisioning,merchant_ids.list,GET,/v1/merchantIds,List merchant IDs.
provisioning,,merchant_ids__update,merchant ID · güncelle,güncelle,HAYIR,52,merchant_ids,provisioning,merchant_ids.update,PATCH,/v1/merchantIds/{id},Update a merchant ID.
provisioning,,pass_type_ids__certificates__list,pass type ID → sertifika · listele,listele,EVET,362,pass_type_ids,provisioning,pass_type_ids.certificates.list,GET,/v1/passTypeIds/{id}/certificates,List the certificates belonging to a pass type ID.
provisioning,,pass_type_ids__create,pass type ID · oluştur,oluştur,HAYIR,52,pass_type_ids,provisioning,pass_type_ids.create,POST,/v1/passTypeIds,Create a pass type ID.
provisioning,,pass_type_ids__delete,pass type ID · sil,sil,HAYIR,53,pass_type_ids,provisioning,pass_type_ids.delete,DELETE,/v1/passTypeIds/{id},Delete a pass type ID.
provisioning,,pass_type_ids__get,pass type ID · getir,getir,EVET,84,pass_type_ids,provisioning,pass_type_ids.get,GET,/v1/passTypeIds/{id},Read one pass type ID by ID.
provisioning,,pass_type_ids__list,pass type ID · listele,listele,EVET,209,pass_type_ids,provisioning,pass_type_ids.list,GET,/v1/passTypeIds,List pass type IDs.
provisioning,,pass_type_ids__update,pass type ID · güncelle,güncelle,HAYIR,53,pass_type_ids,provisioning,pass_type_ids.update,PATCH,/v1/passTypeIds/{id},Update a pass type ID.
provisioning,,profiles__bundle_id__get,provisioning profili → bundle ID · getir,getir,EVET,56,profiles,provisioning,profiles.bundle_id.get,GET,/v1/profiles/{id}/bundleId,Read the bundle ID for a profile.
provisioning,,profiles__certificates__list,provisioning profili → sertifika · listele,listele,EVET,79,profiles,provisioning,profiles.certificates.list,GET,/v1/profiles/{id}/certificates,List the certificates belonging to a profile.
provisioning,,profiles__create,provisioning profili · oluştur,oluştur,HAYIR,69,profiles,provisioning,profiles.create,POST,/v1/profiles,"Create a provisioning profile from a bundle ID, certificate and (for development) device list."
provisioning,,profiles__delete,provisioning profili · sil,sil,HAYIR,50,profiles,provisioning,profiles.delete,DELETE,/v1/profiles/{id},Delete a profile.
provisioning,,profiles__devices__list,provisioning profili → cihaz · listele,listele,EVET,76,profiles,provisioning,profiles.devices.list,GET,/v1/profiles/{id}/devices,List the devices belonging to a profile.
provisioning,,profiles__get,provisioning profili · getir,getir,EVET,87,profiles,provisioning,profiles.get,GET,/v1/profiles/{id},Read one profile by ID.
provisioning,,profiles__list,provisioning profili · listele,listele,EVET,325,profiles,provisioning,profiles.list,GET,/v1/profiles,List profiles.
testflight,,apps__beta_app_localizations__list,uygulama → TestFlight uygulama metni · listele,listele,EVET,82,apps,apps,apps.beta_app_localizations.list,GET,/v1/apps/{id}/betaAppLocalizations,List the beta app localizations belonging to an app.
testflight,,apps__beta_app_review_detail__get,uygulama → beta inceleme bilgisi · getir,getir,EVET,61,apps,apps,apps.beta_app_review_detail.get,GET,/v1/apps/{id}/betaAppReviewDetail,Read the beta app review detail for an app.
testflight,,apps__beta_feedback_crash_submissions__list,uygulama → testçi kilitlenme bildirimi · listele,listele,EVET,355,apps,apps,apps.beta_feedback_crash_submissions.list,GET,/v1/apps/{id}/betaFeedbackCrashSubmissions,List the beta feedback crash submissions belonging to an app.
testflight,,apps__beta_feedback_screenshot_submissions__list,uygulama → testçi ekran görüntüsü bildirimi · listele,listele,EVET,358,apps,apps,apps.beta_feedback_screenshot_submissions.list,GET,/v1/apps/{id}/betaFeedbackScreenshotSubmissions,List the beta feedback screenshot submissions belonging to an app.
testflight,,apps__beta_tester_usages__metrics,uygulama → testçi kullanımı · ölçüm getir,ölçüm getir,EVET,187,apps,apps,apps.beta_tester_usages.metrics,GET,/v1/apps/{id}/metrics/betaTesterUsages,"Read beta tester usages metrics for an app. Returns aggregated time-series data, not individual records."
testflight,,beta_app_localizations__app__get,TestFlight uygulama metni → uygulama · getir,getir,EVET,60,beta_app_localizations,testflight,beta_app_localizations.app.get,GET,/v1/betaAppLocalizations/{id}/app,Read the app for a beta app localization.
testflight,,beta_app_localizations__create,TestFlight uygulama metni · oluştur,oluştur,HAYIR,56,beta_app_localizations,testflight,beta_app_localizations.create,POST,/v1/betaAppLocalizations,Create a beta app localization.
testflight,,beta_app_localizations__delete,TestFlight uygulama metni · sil,sil,HAYIR,57,beta_app_localizations,testflight,beta_app_localizations.delete,DELETE,/v1/betaAppLocalizations/{id},Delete a beta app localization.
testflight,,beta_app_localizations__get,TestFlight uygulama metni · getir,getir,EVET,86,beta_app_localizations,testflight,beta_app_localizations.get,GET,/v1/betaAppLocalizations/{id},Read one beta app localization by ID.
testflight,,beta_app_localizations__list,TestFlight uygulama metni · listele,listele,EVET,146,beta_app_localizations,testflight,beta_app_localizations.list,GET,/v1/betaAppLocalizations,List beta app localizations.
testflight,,beta_app_localizations__update,TestFlight uygulama metni · güncelle,güncelle,HAYIR,57,beta_app_localizations,testflight,beta_app_localizations.update,PATCH,/v1/betaAppLocalizations/{id},Update a beta app localization.
testflight,,beta_app_review_details__app__get,beta inceleme bilgisi → uygulama · getir,getir,EVET,61,beta_app_review_details,testflight,beta_app_review_details.app.get,GET,/v1/betaAppReviewDetails/{id}/app,Read the app for a beta app review detail.
testflight,,beta_app_review_details__get,beta inceleme bilgisi · getir,getir,EVET,87,beta_app_review_details,testflight,beta_app_review_details.get,GET,/v1/betaAppReviewDetails/{id},Read one beta app review detail by ID.
testflight,,beta_app_review_details__list,beta inceleme bilgisi · listele,listele,EVET,129,beta_app_review_details,testflight,beta_app_review_details.list,GET,/v1/betaAppReviewDetails,List beta app review details.
testflight,,beta_app_review_details__update,beta inceleme bilgisi · güncelle,güncelle,HAYIR,58,beta_app_review_details,testflight,beta_app_review_details.update,PATCH,/v1/betaAppReviewDetails/{id},Update a beta app review detail.
testflight,,beta_app_review_submissions__build__get,beta inceleme gönderimi → build · getir,getir,EVET,64,beta_app_review_submissions,testflight,beta_app_review_submissions.build.get,GET,/v1/betaAppReviewSubmissions/{id}/build,Read the build for a beta app review submission.
testflight,,beta_app_review_submissions__create,beta inceleme gönderimi · oluştur,oluştur,HAYIR,59,beta_app_review_submissions,testflight,beta_app_review_submissions.create,POST,/v1/betaAppReviewSubmissions,Create a beta app review submission.
testflight,,beta_app_review_submissions__get,beta inceleme gönderimi · getir,getir,EVET,89,beta_app_review_submissions,testflight,beta_app_review_submissions.get,GET,/v1/betaAppReviewSubmissions/{id},Read one beta app review submission by ID.
testflight,,beta_app_review_submissions__list,beta inceleme gönderimi · listele,listele,EVET,174,beta_app_review_submissions,testflight,beta_app_review_submissions.list,GET,/v1/betaAppReviewSubmissions,List beta app review submissions.
testflight,,beta_build_localizations__build__get,TestFlight build notu → build · getir,getir,EVET,62,beta_build_localizations,testflight,beta_build_localizations.build.get,GET,/v1/betaBuildLocalizations/{id}/build,Read the build for a beta build localization.
testflight,,beta_build_localizations__create,TestFlight build notu · oluştur,oluştur,HAYIR,57,beta_build_localizations,testflight,beta_build_localizations.create,POST,/v1/betaBuildLocalizations,Create a beta build localization.
testflight,,beta_build_localizations__delete,TestFlight build notu · sil,sil,HAYIR,58,beta_build_localizations,testflight,beta_build_localizations.delete,DELETE,/v1/betaBuildLocalizations/{id},Delete a beta build localization.
testflight,,beta_build_localizations__get,TestFlight build notu · getir,getir,EVET,88,beta_build_localizations,testflight,beta_build_localizations.get,GET,/v1/betaBuildLocalizations/{id},Read one beta build localization by ID.
testflight,,beta_build_localizations__list,TestFlight build notu · listele,listele,EVET,148,beta_build_localizations,testflight,beta_build_localizations.list,GET,/v1/betaBuildLocalizations,List beta build localizations.
testflight,,beta_build_localizations__update,TestFlight build notu · güncelle,güncelle,HAYIR,71,beta_build_localizations,testflight,beta_build_localizations.update,PATCH,/v1/betaBuildLocalizations/{id},"Set the tester-facing ""what to test"" notes for a TestFlight build in one language."
testflight,,beta_crash_logs__get,kilitlenme logu · getir,getir,EVET,55,beta_crash_logs,testflight,beta_crash_logs.get,GET,/v1/betaCrashLogs/{id},Read one beta crash log by ID.
testflight,,beta_feedback_crash_submissions__crash_log__get,testçi kilitlenme bildirimi → crash log · getir,getir,EVET,68,beta_feedback_crash_submissions,testflight,beta_feedback_crash_submissions.crash_log.get,GET,/v1/betaFeedbackCrashSubmissions/{id}/crashLog,Read the crash log for a beta feedback crash submission.
testflight,,beta_feedback_crash_submissions__delete,testçi kilitlenme bildirimi · sil,sil,HAYIR,62,beta_feedback_crash_submissions,testflight,beta_feedback_crash_submissions.delete,DELETE,/v1/betaFeedbackCrashSubmissions/{id},Delete a beta feedback crash submission.
testflight,,beta_feedback_crash_submissions__get,testçi kilitlenme bildirimi · getir,getir,EVET,94,beta_feedback_crash_submissions,testflight,beta_feedback_crash_submissions.get,GET,/v1/betaFeedbackCrashSubmissions/{id},Read one beta feedback crash submission by ID.
testflight,,beta_feedback_screenshot_submissions__delete,testçi ekran görüntüsü bildirimi · sil,sil,HAYIR,64,beta_feedback_screenshot_submissions,testflight,beta_feedback_screenshot_submissions.delete,DELETE,/v1/betaFeedbackScreenshotSubmissions/{id},Delete a beta feedback screenshot submission.
testflight,,beta_feedback_screenshot_submissions__get,testçi ekran görüntüsü bildirimi · getir,getir,EVET,96,beta_feedback_screenshot_submissions,testflight,beta_feedback_screenshot_submissions.get,GET,/v1/betaFeedbackScreenshotSubmissions/{id},Read one beta feedback screenshot submission by ID.
testflight,,beta_groups__app__get,beta grubu → uygulama · getir,getir,EVET,55,beta_groups,testflight,beta_groups.app.get,GET,/v1/betaGroups/{id}/app,Read the app for a beta group.
testflight,,build_beta_details__build__get,build beta ayrıntısı → build · getir,getir,EVET,138,build_beta_details,builds,build_beta_details.build.get,GET,/v1/buildBetaDetails/{id}/build,Read the build for a build beta detail.
testflight,,build_beta_details__get,build beta ayrıntısı · getir,getir,EVET,85,build_beta_details,builds,build_beta_details.get,GET,/v1/buildBetaDetails/{id},Read one build beta detail by ID.
testflight,,build_beta_details__list,build beta ayrıntısı · listele,listele,EVET,141,build_beta_details,builds,build_beta_details.list,GET,/v1/buildBetaDetails,List build beta details.
testflight,,build_beta_details__update,build beta ayrıntısı · güncelle,güncelle,HAYIR,55,build_beta_details,builds,build_beta_details.update,PATCH,/v1/buildBetaDetails/{id},Update a build beta detail.
testflight,,builds__beta_app_review_submission__get,build → beta inceleme gönderimi · getir,getir,EVET,64,builds,builds,builds.beta_app_review_submission.get,GET,/v1/builds/{id}/betaAppReviewSubmission,Read the beta app review submission for a build.
testflight,,builds__beta_build_localizations__list,build → TestFlight build notu · listele,listele,EVET,84,builds,builds,builds.beta_build_localizations.list,GET,/v1/builds/{id}/betaBuildLocalizations,List the beta build localizations belonging to a build.
testflight,,builds__beta_build_usages__metrics,build → build kullanımı · ölçüm getir,ölçüm getir,EVET,99,builds,builds,builds.beta_build_usages.metrics,GET,/v1/builds/{id}/metrics/betaBuildUsages,"Read beta build usages metrics for a build. Returns aggregated time-series data, not individual records."
testflight,,builds__build_beta_detail__get,build → build beta ayrıntısı · getir,getir,EVET,88,builds,builds,builds.build_beta_detail.get,GET,/v1/builds/{id}/buildBetaDetail,Read the build beta detail for a build.
webhooks,,apps__webhooks__list,uygulama → webhook · listele,listele,EVET,104,apps,apps,apps.webhooks.list,GET,/v1/apps/{id}/webhooks,List the webhooks belonging to an app.
webhooks,,webhook_deliveries__create,webhook gönderimi · oluştur,oluştur,HAYIR,54,webhook_deliveries,webhooks,webhook_deliveries.create,POST,/v1/webhookDeliveries,Create a webhook delivery.
webhooks,,webhook_pings__create,webhook pings · oluştur,oluştur,HAYIR,52,webhook_pings,webhooks,webhook_pings.create,POST,/v1/webhookPings,Create a webhook ping.
webhooks,,webhooks__create,webhook · oluştur,oluştur,HAYIR,64,webhooks,webhooks,webhooks.create,POST,/v1/webhooks,Create a webhook so Apple pushes App Store Connect events to your endpoint.
webhooks,,webhooks__delete,webhook · sil,sil,HAYIR,50,webhooks,webhooks,webhooks.delete,DELETE,/v1/webhooks/{id},Delete a webhook.
webhooks,,webhooks__deliveries__list,webhook → deliveries · listele,listele,EVET,198,webhooks,webhooks,webhooks.deliveries.list,GET,/v1/webhooks/{id}/deliveries,List the deliveries belonging to a webhook.
webhooks,,webhooks__get,webhook · getir,getir,EVET,79,webhooks,webhooks,webhooks.get,GET,/v1/webhooks/{id},Read one webhook by ID.
webhooks,,webhooks__update,webhook · güncelle,güncelle,HAYIR,50,webhooks,webhooks,webhooks.update,PATCH,/v1/webhooks/{id},Update a webhook.
xcode-cloud,,apps__ci_product__get,uygulama → Xcode Cloud ürünü · getir,getir,EVET,94,apps,apps,apps.ci_product.get,GET,/v1/apps/{id}/ciProduct,Read the Xcode Cloud product for an app.
xcode-cloud,,ci_artifacts__get,build çıktısı (artifact) · getir,getir,EVET,55,ci_artifacts,xcode_cloud,ci_artifacts.get,GET,/v1/ciArtifacts/{id},Read one Xcode Cloud artifact by ID.
xcode-cloud,,ci_build_actions__artifacts__list,build adımı → çıktı · listele,listele,EVET,84,ci_build_actions,xcode_cloud,ci_build_actions.artifacts.list,GET,/v1/ciBuildActions/{id}/artifacts,List the artifacts belonging to an Xcode Cloud build action.
xcode-cloud,,ci_build_actions__build_run__get,build adımı → build koşusu · getir,getir,EVET,110,ci_build_actions,xcode_cloud,ci_build_actions.build_run.get,GET,/v1/ciBuildActions/{id}/buildRun,Read the build run for an Xcode Cloud build action.
xcode-cloud,,ci_build_actions__get,build adımı · getir,getir,EVET,87,ci_build_actions,xcode_cloud,ci_build_actions.get,GET,/v1/ciBuildActions/{id},Read one Xcode Cloud build action by ID.
xcode-cloud,,ci_build_actions__issues__list,build adımı → sorun · listele,listele,EVET,82,ci_build_actions,xcode_cloud,ci_build_actions.issues.list,GET,/v1/ciBuildActions/{id}/issues,List the issues belonging to an Xcode Cloud build action.
xcode-cloud,,ci_build_actions__test_results__list,build adımı → test sonucu · listele,listele,EVET,85,ci_build_actions,xcode_cloud,ci_build_actions.test_results.list,GET,/v1/ciBuildActions/{id}/testResults,List the test results belonging to an Xcode Cloud build action.
xcode-cloud,,ci_build_runs__actions__list,Xcode Cloud build koşusu → adım · listele,listele,EVET,111,ci_build_runs,xcode_cloud,ci_build_runs.actions.list,GET,/v1/ciBuildRuns/{id}/actions,List the actions belonging to an Xcode Cloud build run.
xcode-cloud,,ci_build_runs__builds__list,Xcode Cloud build koşusu → build · listele,listele,EVET,647,ci_build_runs,xcode_cloud,ci_build_runs.builds.list,GET,/v1/ciBuildRuns/{id}/builds,List the builds belonging to an Xcode Cloud build run.
xcode-cloud,,ci_build_runs__create,Xcode Cloud build koşusu · oluştur,oluştur,HAYIR,72,ci_build_runs,xcode_cloud,ci_build_runs.create,POST,/v1/ciBuildRuns,"Start an Xcode Cloud build for a workflow, optionally targeting a specific branch, tag or pull request."
xcode-cloud,,ci_build_runs__get,Xcode Cloud build koşusu · getir,getir,EVET,104,ci_build_runs,xcode_cloud,ci_build_runs.get,GET,/v1/ciBuildRuns/{id},Read one Xcode Cloud build run by ID.
xcode-cloud,,ci_issues__get,build sorunu · getir,getir,EVET,54,ci_issues,xcode_cloud,ci_issues.get,GET,/v1/ciIssues/{id},Read one Xcode Cloud issue by ID.
xcode-cloud,,ci_mac_os_versions__get,ci mac os versions · getir,getir,EVET,89,ci_mac_os_versions,xcode_cloud,ci_mac_os_versions.get,GET,/v1/ciMacOsVersions/{id},Read one Xcode Cloud mac os version by ID.
xcode-cloud,,ci_mac_os_versions__list,ci mac os versions · listele,listele,EVET,105,ci_mac_os_versions,xcode_cloud,ci_mac_os_versions.list,GET,/v1/ciMacOsVersions,List Xcode Cloud mac os versions.
xcode-cloud,,ci_mac_os_versions__xcode_versions__list,ci mac os versions → Xcode sürümü · listele,listele,EVET,118,ci_mac_os_versions,xcode_cloud,ci_mac_os_versions.xcode_versions.list,GET,/v1/ciMacOsVersions/{id}/xcodeVersions,List the Xcode versions belonging to an Xcode Cloud mac os version.
xcode-cloud,,ci_products__additional_repositories__list,Xcode Cloud ürünü → ek kod depoları · listele,listele,EVET,140,ci_products,xcode_cloud,ci_products.additional_repositories.list,GET,/v1/ciProducts/{id}/additionalRepositories,List the additional repositories belonging to an Xcode Cloud product.
xcode-cloud,,ci_products__app__get,Xcode Cloud ürünü → uygulama · getir,getir,EVET,209,ci_products,xcode_cloud,ci_products.app.get,GET,/v1/ciProducts/{id}/app,Read the app for an Xcode Cloud product.
xcode-cloud,,ci_products__build_runs__list,Xcode Cloud ürünü → build koşusu · listele,listele,EVET,192,ci_products,xcode_cloud,ci_products.build_runs.list,GET,/v1/ciProducts/{id}/buildRuns,List the build runs belonging to an Xcode Cloud product.
xcode-cloud,,ci_products__delete,Xcode Cloud ürünü · sil,sil,HAYIR,54,ci_products,xcode_cloud,ci_products.delete,DELETE,/v1/ciProducts/{id},Delete an Xcode Cloud product.
xcode-cloud,,ci_products__get,Xcode Cloud ürünü · getir,getir,EVET,91,ci_products,xcode_cloud,ci_products.get,GET,/v1/ciProducts/{id},Read one Xcode Cloud product by ID.
xcode-cloud,,ci_products__list,Xcode Cloud ürünü · listele,listele,EVET,160,ci_products,xcode_cloud,ci_products.list,GET,/v1/ciProducts,List Xcode Cloud products.
xcode-cloud,,ci_products__primary_repositories__list,Xcode Cloud ürünü → ana kod deposu · listele,listele,EVET,139,ci_products,xcode_cloud,ci_products.primary_repositories.list,GET,/v1/ciProducts/{id}/primaryRepositories,List the primary repositories belonging to an Xcode Cloud product.
xcode-cloud,,ci_products__workflows__list,Xcode Cloud ürünü → iş akışı · listele,listele,EVET,122,ci_products,xcode_cloud,ci_products.workflows.list,GET,/v1/ciProducts/{id}/workflows,List the workflows belonging to an Xcode Cloud product.
xcode-cloud,,ci_test_results__get,test sonucu · getir,getir,EVET,57,ci_test_results,xcode_cloud,ci_test_results.get,GET,/v1/ciTestResults/{id},Read one Xcode Cloud test result by ID.
xcode-cloud,,ci_workflows__build_runs__list,Xcode Cloud iş akışı → build koşusu · listele,listele,EVET,192,ci_workflows,xcode_cloud,ci_workflows.build_runs.list,GET,/v1/ciWorkflows/{id}/buildRuns,List the build runs belonging to an Xcode Cloud workflow.
xcode-cloud,,ci_workflows__create,Xcode Cloud iş akışı · oluştur,oluştur,HAYIR,54,ci_workflows,xcode_cloud,ci_workflows.create,POST,/v1/ciWorkflows,Create an Xcode Cloud workflow.
xcode-cloud,,ci_workflows__delete,Xcode Cloud iş akışı · sil,sil,HAYIR,55,ci_workflows,xcode_cloud,ci_workflows.delete,DELETE,/v1/ciWorkflows/{id},Delete an Xcode Cloud workflow.
xcode-cloud,,ci_workflows__get,Xcode Cloud iş akışı · getir,getir,EVET,95,ci_workflows,xcode_cloud,ci_workflows.get,GET,/v1/ciWorkflows/{id},Read one Xcode Cloud workflow by ID.
xcode-cloud,,ci_workflows__repository__get,Xcode Cloud iş akışı → kod deposu · getir,getir,EVET,95,ci_workflows,xcode_cloud,ci_workflows.repository.get,GET,/v1/ciWorkflows/{id}/repository,Read the repository for an Xcode Cloud workflow.
xcode-cloud,,ci_workflows__update,Xcode Cloud iş akışı · güncelle,güncelle,HAYIR,55,ci_workflows,xcode_cloud,ci_workflows.update,PATCH,/v1/ciWorkflows/{id},Update an Xcode Cloud workflow.
xcode-cloud,,ci_xcode_versions__get,Xcode sürümü · getir,getir,EVET,89,ci_xcode_versions,xcode_cloud,ci_xcode_versions.get,GET,/v1/ciXcodeVersions/{id},Read one Xcode Cloud Xcode version by ID.
xcode-cloud,,ci_xcode_versions__list,Xcode sürümü · listele,listele,EVET,105,ci_xcode_versions,xcode_cloud,ci_xcode_versions.list,GET,/v1/ciXcodeVersions,List Xcode Cloud Xcode versions.
xcode-cloud,,ci_xcode_versions__mac_os_versions__list,Xcode sürümü → mac os versions · listele,listele,EVET,118,ci_xcode_versions,xcode_cloud,ci_xcode_versions.mac_os_versions.list,GET,/v1/ciXcodeVersions/{id}/macOsVersions,List the mac os versions belonging to an Xcode Cloud Xcode version.
xcode-cloud,,scm_git_references__get,git referansı (branch/tag) · getir,getir,EVET,86,scm_git_references,xcode_cloud,scm_git_references.get,GET,/v1/scmGitReferences/{id},Read one SCM git reference by ID.
xcode-cloud,,scm_providers__get,kod sağlayıcı · getir,getir,EVET,54,scm_providers,xcode_cloud,scm_providers.get,GET,/v1/scmProviders/{id},Read one SCM provider by ID.
xcode-cloud,,scm_providers__list,kod sağlayıcı · listele,listele,EVET,69,scm_providers,xcode_cloud,scm_providers.list,GET,/v1/scmProviders,List SCM providers.
xcode-cloud,,scm_providers__repositories__list,kod sağlayıcı → kod deposu · listele,listele,EVET,133,scm_providers,xcode_cloud,scm_providers.repositories.list,GET,/v1/scmProviders/{id}/repositories,List the repositories belonging to an SCM provider.
xcode-cloud,,scm_pull_requests__get,pull request · getir,getir,EVET,86,scm_pull_requests,xcode_cloud,scm_pull_requests.get,GET,/v1/scmPullRequests/{id},Read one SCM pull request by ID.
xcode-cloud,,scm_repositories__get,kod deposu · getir,getir,EVET,89,scm_repositories,xcode_cloud,scm_repositories.get,GET,/v1/scmRepositories/{id},Read one SCM repository by ID.
xcode-cloud,,scm_repositories__git_references__list,kod deposu → git referansı · listele,listele,EVET,114,scm_repositories,xcode_cloud,scm_repositories.git_references.list,GET,/v1/scmRepositories/{id}/gitReferences,List the git references belonging to an SCM repository.
xcode-cloud,,scm_repositories__list,kod deposu · listele,listele,EVET,123,scm_repositories,xcode_cloud,scm_repositories.list,GET,/v1/scmRepositories,List SCM repositories.
xcode-cloud,,scm_repositories__pull_requests__list,kod deposu → pull request · listele,listele,EVET,114,scm_repositories,xcode_cloud,scm_repositories.pull_requests.list,GET,/v1/scmRepositories/{id}/pullRequests,List the pull requests belonging to an SCM repository.
